Method,z_um,f_norm,H_A
Clear,-100.0,0.005,1.0
Clear,-100.0,0.015,0.9975452645416161
Clear,-100.0,0.025,0.9923667419004927
Clear,-100.0,0.035,0.9848811375171937
Clear,-100.0,0.045,0.9744217534590834
Clear,-100.0,0.055,0.9611056120994237
Clear,-100.0,0.065,0.9485550629795588
Clear,-100.0,0.07500000000000001,0.9346265207889003
Clear,-100.0,0.08499999999999999,0.9148807337987213
Clear,-100.0,0.095,0.894256465656117
Clear,-100.0,0.10500000000000001,0.8712014757862103
Clear,-100.0,0.11499999999999999,0.8440983536854143
Clear,-100.0,0.125,0.8172350667387314
Clear,-100.0,0.135,0.792682911846179
Clear,-100.0,0.14500000000000002,0.761686655396149
Clear,-100.0,0.155,0.7249660746815318
Clear,-100.0,0.165,0.6881961059159859
Clear,-100.0,0.175,0.6524651845015048
Clear,-100.0,0.185,0.6151501068495451
Clear,-100.0,0.195,0.5789472169355014
Clear,-100.0,0.20500000000000002,0.5429211545539366
Clear,-100.0,0.215,0.5051227718296559
Clear,-100.0,0.225,0.4661633707320058
Clear,-100.0,0.235,0.4256446350782544
Clear,-100.0,0.245,0.38397137017898225
Clear,-100.0,0.255,0.34389962535747826
Clear,-100.0,0.265,0.306384518893415
Clear,-100.0,0.275,0.2708255927236711
Clear,-100.0,0.28500000000000003,0.2345710555079782
Clear,-100.0,0.295,0.19987044294442505
Clear,-100.0,0.305,0.1668004064075867
Clear,-100.0,0.315,0.1359240363551544
Clear,-100.0,0.325,0.11082037712781947
Clear,-100.0,0.335,0.08810105192379226
Clear,-100.0,0.34500000000000003,0.06499103279445408
Clear,-100.0,0.355,0.044739828947840614
Clear,-100.0,0.365,0.028679359661765887
Clear,-100.0,0.375,0.01548958995815865
Clear,-100.0,0.385,0.00513204992226641
Clear,-100.0,0.395,-0.0016916977176214501
Clear,-100.0,0.405,-0.005394291683766478
Clear,-100.0,0.41500000000000004,-0.007424110265972145
Clear,-100.0,0.425,-0.00857543667694305
Clear,-100.0,0.435,-0.008598363802847588
Clear,-100.0,0.445,-0.007574404816054091
Clear,-100.0,0.455,-0.005696319124793172
Clear,-100.0,0.465,-0.0032058996840619853
Clear,-100.0,0.475,-0.0003943912579462748
Clear,-100.0,0.485,0.0032468349430628666
Clear,-100.0,0.495,0.00727814211793234
Clear,-100.0,0.505,0.011474946789540034
Clear,-100.0,0.515,0.015723488023773744
Clear,-100.0,0.525,0.020099360075862473
Clear,-100.0,0.535,0.024401009304596512
Clear,-100.0,0.545,0.028582365406020754
Clear,-100.0,0.555,0.03288873706508264
Clear,-100.0,0.5650000000000001,0.0371290106146515
Clear,-100.0,0.575,0.04132307761863249
Clear,-100.0,0.585,0.04530676048180344
Clear,-100.0,0.595,0.049136644633047157
Clear,-100.0,0.605,0.05251981763541334
Clear,-100.0,0.615,0.05567215939476079
Clear,-100.0,0.625,0.05875624434426566
Clear,-100.0,0.635,0.061675849620250474
Clear,-100.0,0.645,0.06431301812536552
Clear,-100.0,0.655,0.06669402679492195
Clear,-100.0,0.665,0.06882836375305916
Clear,-100.0,0.675,0.07074296276162609
Clear,-100.0,0.685,0.0725454464299317
Clear,-100.0,0.6950000000000001,0.07413107423497453
Clear,-100.0,0.7050000000000001,0.07553694731450598
Clear,-100.0,0.715,0.07672593101599173
Clear,-100.0,0.725,0.077697247468457
Clear,-100.0,0.735,0.07853563912341391
Clear,-100.0,0.745,0.07918369531851686
Clear,-100.0,0.755,0.07968596027541712
Clear,-100.0,0.765,0.08005891082053965
Clear,-100.0,0.775,0.0802758069950527
Clear,-100.0,0.785,0.0803785283557331
Clear,-100.0,0.795,0.08035397851310884
Clear,-100.0,0.805,0.0802188987931711
Clear,-100.0,0.8150000000000001,0.07996185848372726
Clear,-100.0,0.8250000000000001,0.07954601571634838
Clear,-100.0,0.835,0.07908248770689773
Clear,-100.0,0.845,0.07847275586582331
Clear,-100.0,0.855,0.07776976622037439
Clear,-100.0,0.865,0.0769962770173005
Clear,-100.0,0.875,0.07610521887709337
Clear,-100.0,0.885,0.07515806977463858
Clear,-100.0,0.895,0.07410724814224105
Clear,-75.0,0.005,1.0
Clear,-75.0,0.015,0.9986186607175012
Clear,-75.0,0.025,0.9957014398815903
Clear,-75.0,0.035,0.9914765554871272
Clear,-75.0,0.045,0.9855567883482994
Clear,-75.0,0.055,0.9779932450537319
Clear,-75.0,0.065,0.9708364873279592
Clear,-75.0,0.07500000000000001,0.9628594161623512
Clear,-75.0,0.08499999999999999,0.9514901550932258
Clear,-75.0,0.095,0.9395343712609435
Clear,-75.0,0.10500000000000001,0.9260655138052563
Clear,-75.0,0.11499999999999999,0.9100906804442875
Clear,-75.0,0.125,0.8940977486863955
Clear,-75.0,0.135,0.879336530095435
Clear,-75.0,0.14500000000000002,0.8604838712049134
Clear,-75.0,0.155,0.8378245727243978
Clear,-75.0,0.165,0.8147675651133442
Clear,-75.0,0.175,0.7919559433688141
Clear,-75.0,0.185,0.7676863554107863
Clear,-75.0,0.195,0.7436505774108969
Clear,-75.0,0.20500000000000002,0.7192400797460929
Clear,-75.0,0.215,0.6930377887350924
Clear,-75.0,0.225,0.6653087058360441
Clear,-75.0,0.235,0.6355940107785482
Clear,-75.0,0.245,0.6039767272302995
Clear,-75.0,0.255,0.572437793950657
Clear,-75.0,0.265,0.5417043173069764
Clear,-75.0,0.275,0.5113446040715341
Clear,-75.0,0.28500000000000003,0.47887777719181535
Clear,-75.0,0.295,0.4460607785940989
Clear,-75.0,0.305,0.41281382255690496
Clear,-75.0,0.315,0.379567619700506
Clear,-75.0,0.325,0.3504363186640153
Clear,-75.0,0.335,0.3218709792421695
Clear,-75.0,0.34500000000000003,0.2899498802524825
Clear,-75.0,0.355,0.25845453241404726
Clear,-75.0,0.365,0.22962810540111897
Clear,-75.0,0.375,0.20139091057653866
Clear,-75.0,0.385,0.17340356176292107
Clear,-75.0,0.395,0.1477976944649317
Clear,-75.0,0.405,0.12535507360768025
Clear,-75.0,0.41500000000000004,0.10583258562471384
Clear,-75.0,0.425,0.0870923921353381
Clear,-75.0,0.435,0.07040143156875336
Clear,-75.0,0.445,0.05568940246549759
Clear,-75.0,0.455,0.04245243669752592
Clear,-75.0,0.465,0.031108111272246188
Clear,-75.0,0.475,0.02156681853111297
Clear,-75.0,0.485,0.012120914059607487
Clear,-75.0,0.495,0.0036498284133724044
Clear,-75.0,0.505,-0.0034808321609398163
Clear,-75.0,0.515,-0.009590281539371411
Clear,-75.0,0.525,-0.014907523805558837
Clear,-75.0,0.535,-0.019457342101570435
Clear,-75.0,0.545,-0.023151643344687743
Clear,-75.0,0.555,-0.026376373017891985
Clear,-75.0,0.5650000000000001,-0.02911602487415965
Clear,-75.0,0.575,-0.031334879307562555
Clear,-75.0,0.585,-0.03313634956534414
Clear,-75.0,0.595,-0.034403836714110514
Clear,-75.0,0.605,-0.035321583817480545
Clear,-75.0,0.615,-0.0358845183277359
Clear,-75.0,0.625,-0.03616192656815858
Clear,-75.0,0.635,-0.03622349550503053
Clear,-75.0,0.645,-0.03606840273668523
Clear,-75.0,0.655,-0.03576058002540776
Clear,-75.0,0.665,-0.03527132514030298
Clear,-75.0,0.675,-0.03474512243664634
Clear,-75.0,0.685,-0.03399278695689858
Clear,-75.0,0.6950000000000001,-0.033186897764949944
Clear,-75.0,0.7050000000000001,-0.03233697807911042
Clear,-75.0,0.715,-0.031453348272935444
Clear,-75.0,0.725,-0.030600539333698773
Clear,-75.0,0.735,-0.029707058300868953
Clear,-75.0,0.745,-0.028921794406943348
Clear,-75.0,0.755,-0.028054652157350413
Clear,-75.0,0.765,-0.027273024450691408
Clear,-75.0,0.775,-0.02652392621355683
Clear,-75.0,0.785,-0.0258140992718938
Clear,-75.0,0.795,-0.025185294686255518
Clear,-75.0,0.805,-0.024624718950693094
Clear,-75.0,0.8150000000000001,-0.024218457121041106
Clear,-75.0,0.8250000000000001,-0.02386346055817851
Clear,-75.0,0.835,-0.02353693834929614
Clear,-75.0,0.845,-0.0233604974261585
Clear,-75.0,0.855,-0.023279662554720082
Clear,-75.0,0.865,-0.02333067457048428
Clear,-75.0,0.875,-0.023510074225836158
Clear,-75.0,0.885,-0.023737673093016647
Clear,-75.0,0.895,-0.024040592772187976
Clear,-50.0,0.005,1.0
Clear,-50.0,0.015,0.9993858965758025
Clear,-50.0,0.025,0.9980879868709076
Clear,-50.0,0.035,0.9962057321261795
Clear,-50.0,0.045,0.9935631329265547
Clear,-50.0,0.055,0.9901781652009117
Clear,-50.0,0.065,0.9869662892241966
Clear,-50.0,0.07500000000000001,0.9833752243115289
Clear,-50.0,0.08499999999999999,0.9782376783578803
Clear,-50.0,0.095,0.9728091731441146
Clear,-50.0,0.10500000000000001,0.9666601580214653
Clear,-50.0,0.11499999999999999,0.9593214888927337
Clear,-50.0,0.125,0.9519227935316975
Clear,-50.0,0.135,0.9450470206471915
Clear,-50.0,0.14500000000000002,0.9361945054737082
Clear,-50.0,0.155,0.9254477766038628
Clear,-50.0,0.165,0.9143911837738568
Clear,-50.0,0.175,0.9033174098137492
Clear,-50.0,0.185,0.8913867560671429
Clear,-50.0,0.195,0.8794065931209072
Clear,-50.0,0.20500000000000002,0.8670734567156402
Clear,-50.0,0.215,0.853634396411981
Clear,-50.0,0.225,0.8391656253974746
Clear,-50.0,0.235,0.8233591599160844
Clear,-50.0,0.245,0.8061744616698188
Clear,-50.0,0.255,0.788635400634375
Clear,-50.0,0.265,0.7711209043550328
Clear,-50.0,0.275,0.7533864200756144
Clear,-50.0,0.28500000000000003,0.7338853153443008
Clear,-50.0,0.295,0.7135557063452795
Clear,-50.0,0.305,0.6922576195670336
Clear,-50.0,0.315,0.670176693469589
Clear,-50.0,0.325,0.6500888306834044
Clear,-50.0,0.335,0.6296223121280502
Clear,-50.0,0.34500000000000003,0.6057643115107573
Clear,-50.0,0.355,0.5810379666594154
Clear,-50.0,0.365,0.5571593903685852
Clear,-50.0,0.375,0.5323692302715256
Clear,-50.0,0.385,0.5061575682162559
Clear,-50.0,0.395,0.4804074485716436
Clear,-50.0,0.405,0.4561295249024427
Clear,-50.0,0.41500000000000004,0.4335742647483361
Clear,-50.0,0.425,0.4104924930363289
Clear,-50.0,0.435,0.38847836977081696
Clear,-50.0,0.445,0.3676734941958053
Clear,-50.0,0.455,0.34755349646993267
Clear,-50.0,0.465,0.32900017604748244
Clear,-50.0,0.475,0.3122255111570318
Clear,-50.0,0.485,0.29420069620884187
Clear,-50.0,0.495,0.27661562709080484
Clear,-50.0,0.505,0.2603445661822485
Clear,-50.0,0.515,0.24499184816083278
Clear,-50.0,0.525,0.23017327842005028
Clear,-50.0,0.535,0.2160926347088981
Clear,-50.0,0.545,0.20316530214305217
Clear,-50.0,0.555,0.19023204352647732
Clear,-50.0,0.5650000000000001,0.17758955423251757
Clear,-50.0,0.575,0.16531447145855432
Clear,-50.0,0.585,0.15345201189920477
Clear,-50.0,0.595,0.1423237736973807
Clear,-50.0,0.605,0.1321661904709452
Clear,-50.0,0.615,0.12267778298939405
Clear,-50.0,0.625,0.11321904332574903
Clear,-50.0,0.635,0.10391616856912632
Clear,-50.0,0.645,0.09524731361973945
Clear,-50.0,0.655,0.08707461415684531
Clear,-50.0,0.665,0.0794581620098505
Clear,-50.0,0.675,0.07197852611872034
Clear,-50.0,0.685,0.06483229641609359
Clear,-50.0,0.6950000000000001,0.057933662973451615
Clear,-50.0,0.7050000000000001,0.051352980912885496
Clear,-50.0,0.715,0.04503487354864213
Clear,-50.0,0.725,0.038994111177053856
Clear,-50.0,0.735,0.0333886553194473
Clear,-50.0,0.745,0.028289727440343953
Clear,-50.0,0.755,0.02335004526597578
Clear,-50.0,0.765,0.018487213146632937
Clear,-50.0,0.775,0.013658005411346643
Clear,-50.0,0.785,0.008985820282142589
Clear,-50.0,0.795,0.004520432337727704
Clear,-50.0,0.805,0.00026520731531388546
Clear,-50.0,0.8150000000000001,-0.0034528393865834663
Clear,-50.0,0.8250000000000001,-0.007096156519881071
Clear,-50.0,0.835,-0.010846208624674418
Clear,-50.0,0.845,-0.014514987968738648
Clear,-50.0,0.855,-0.01792030576322064
Clear,-50.0,0.865,-0.021058068856136536
Clear,-50.0,0.875,-0.02419529932846169
Clear,-50.0,0.885,-0.02718553655577834
Clear,-50.0,0.895,-0.030041722300657978
Clear,-25.0,0.005,1.0
Clear,-25.0,0.015,0.9998464479093565
Clear,-25.0,0.025,0.9995217652719091
Clear,-25.0,0.035,0.9990505213045708
Clear,-25.0,0.045,0.9983881279957142
Clear,-25.0,0.055,0.9975383620124108
Clear,-25.0,0.065,0.9967307008660603
Clear,-25.0,0.07500000000000001,0.9958260256047079
Clear,-25.0,0.08499999999999999,0.994528828092154
Clear,-25.0,0.095,0.9931542510753909
Clear,-25.0,0.10500000000000001,0.9915921629628083
Clear,-25.0,0.11499999999999999,0.9897209478968705
Clear,-25.0,0.125,0.9878265759456446
Clear,-25.0,0.135,0.9860589632490041
Clear,-25.0,0.14500000000000002,0.9837723543636775
Clear,-25.0,0.155,0.980980140766396
Clear,-25.0,0.165,0.9780888228135107
Clear,-25.0,0.175,0.9751722621993955
Clear,-25.0,0.185,0.972007001835863
Clear,-25.0,0.195,0.9688031334128145
Clear,-25.0,0.20500000000000002,0.9654790453711523
Clear,-25.0,0.215,0.9618256114307672
Clear,-25.0,0.225,0.9578536701371348
Clear,-25.0,0.235,0.9534670883696693
Clear,-25.0,0.245,0.9486402051878513
Clear,-25.0,0.255,0.9436508257367974
Clear,-25.0,0.265,0.9386010555769857
Clear,-25.0,0.275,0.9334186988734283
Clear,-25.0,0.28500000000000003,0.927634160729451
Clear,-25.0,0.295,0.921504352351255
Clear,-25.0,0.305,0.9149689441556619
Clear,-25.0,0.315,0.908066219419476
Clear,-25.0,0.325,0.9016664076986097
Clear,-25.0,0.335,0.8950207180114135
Clear,-25.0,0.34500000000000003,0.8871126556766838
Clear,-25.0,0.355,0.8787229606684344
Clear,-25.0,0.365,0.8704173463955375
Clear,-25.0,0.375,0.8615665039358936
Clear,-25.0,0.385,0.8519414514506245
Clear,-25.0,0.395,0.8422001547031875
Clear,-25.0,0.405,0.8326855137683251
Clear,-25.0,0.41500000000000004,0.8227968173916279
Clear,-25.0,0.425,0.8112511306206295
Clear,-25.0,0.435,0.7992083169042923
Clear,-25.0,0.445,0.7870535757181941
Clear,-25.0,0.455,0.7745682703588499
Clear,-25.0,0.465,0.7624484695033632
Clear,-25.0,0.475,0.7509569654028294
Clear,-25.0,0.485,0.7380398397282674
Clear,-25.0,0.495,0.7248521261052814
Clear,-25.0,0.505,0.7121332658204825
Clear,-25.0,0.515,0.6995870174608401
Clear,-25.0,0.525,0.6869929605186141
Clear,-25.0,0.535,0.6745289357464072
Clear,-25.0,0.545,0.6626987779892747
Clear,-25.0,0.555,0.6503879990413455
Clear,-25.0,0.5650000000000001,0.6378844108906416
Clear,-25.0,0.575,0.6252687814656213
Clear,-25.0,0.585,0.6125983430018488
Clear,-25.0,0.595,0.600257639340246
Clear,-25.0,0.605,0.5885885106768286
Clear,-25.0,0.615,0.5772896988799368
Clear,-25.0,0.625,0.5655837520278757
Clear,-25.0,0.635,0.5536600132522551
Clear,-25.0,0.645,0.5421521551942068
Clear,-25.0,0.655,0.5309415067866274
Clear,-25.0,0.665,0.520079184315224
Clear,-25.0,0.675,0.5091014376153625
Clear,-25.0,0.685,0.4981654579479521
Clear,-25.0,0.6950000000000001,0.4872463807818776
Clear,-25.0,0.7050000000000001,0.4765024784323048
Clear,-25.0,0.715,0.46580278624446436
Clear,-25.0,0.725,0.455249982817426
Clear,-25.0,0.735,0.4451108111632815
Clear,-25.0,0.745,0.4356724152565705
Clear,-25.0,0.755,0.42609482385047576
Clear,-25.0,0.765,0.4164810102620232
Clear,-25.0,0.775,0.4066188120072214
Clear,-25.0,0.785,0.39678974565032854
Clear,-25.0,0.795,0.3871334256792207
Clear,-25.0,0.805,0.3776678267263613
Clear,-25.0,0.8150000000000001,0.36917256518977476
Clear,-25.0,0.8250000000000001,0.36054683772634627
Clear,-25.0,0.835,0.3514926302499086
Clear,-25.0,0.845,0.34244569557697474
Clear,-25.0,0.855,0.3338131441514342
Clear,-25.0,0.865,0.3256989499033457
Clear,-25.0,0.875,0.3174498528000352
Clear,-25.0,0.885,0.3093712852694295
Clear,-25.0,0.895,0.3014460203709949
Clear,0.0,0.005,1.0
Clear,0.0,0.015,0.9999999999999996
Clear,0.0,0.025,0.9999999999999997
Clear,0.0,0.035,0.9999999999999997
Clear,0.0,0.045,0.9999999999999997
Clear,0.0,0.055,0.9999999999999998
Clear,0.0,0.065,0.9999999999999997
Clear,0.0,0.07500000000000001,0.9999999999999996
Clear,0.0,0.08499999999999999,0.9999999999999997
Clear,0.0,0.095,0.9999999999999997
Clear,0.0,0.10500000000000001,0.9999999999999998
Clear,0.0,0.11499999999999999,0.9999999999999998
Clear,0.0,0.125,0.9999999999999998
Clear,0.0,0.135,0.9999999999999996
Clear,0.0,0.14500000000000002,0.9999999999999998
Clear,0.0,0.155,0.9999999999999997
Clear,0.0,0.165,0.9999999999999996
Clear,0.0,0.175,0.9999999999999997
Clear,0.0,0.185,0.9999999999999997
Clear,0.0,0.195,0.9999999999999997
Clear,0.0,0.20500000000000002,0.9999999999999997
Clear,0.0,0.215,0.9999999999999997
Clear,0.0,0.225,0.9999999999999997
Clear,0.0,0.235,0.9999999999999999
Clear,0.0,0.245,0.9999999999999998
Clear,0.0,0.255,0.9999999999999998
Clear,0.0,0.265,0.9999999999999998
Clear,0.0,0.275,0.9999999999999998
Clear,0.0,0.28500000000000003,0.9999999999999996
Clear,0.0,0.295,0.9999999999999996
Clear,0.0,0.305,0.9999999999999997
Clear,0.0,0.315,0.9999999999999996
Clear,0.0,0.325,0.9999999999999998
Clear,0.0,0.335,0.9999999999999998
Clear,0.0,0.34500000000000003,0.9999999999999997
Clear,0.0,0.355,0.9999999999999998
Clear,0.0,0.365,0.9999999999999997
Clear,0.0,0.375,0.9999999999999997
Clear,0.0,0.385,0.9999999999999997
Clear,0.0,0.395,0.9999999999999997
Clear,0.0,0.405,0.9999054825999372
Clear,0.0,0.41500000000000004,0.9984628080451771
Clear,0.0,0.425,0.9949964851341848
Clear,0.0,0.435,0.9903411487408508
Clear,0.0,0.445,0.9849870697470247
Clear,0.0,0.455,0.978915486397352
Clear,0.0,0.465,0.9725939709713431
Clear,0.0,0.475,0.966237439523632
Clear,0.0,0.485,0.9587460132617818
Clear,0.0,0.495,0.9507372357204881
Clear,0.0,0.505,0.9427332689934163
Clear,0.0,0.515,0.9345193790206812
Clear,0.0,0.525,0.9260204433259883
Clear,0.0,0.535,0.9173329226715258
Clear,0.0,0.545,0.9089158282847383
Clear,0.0,0.555,0.8999139497836928
Clear,0.0,0.5650000000000001,0.8905279065308835
Clear,0.0,0.575,0.8808303106721692
Clear,0.0,0.585,0.8708407421191191
Clear,0.0,0.595,0.8609146921391058
Clear,0.0,0.605,0.8513166813194318
Clear,0.0,0.615,0.8418405809548344
Clear,0.0,0.625,0.8318136707604513
Clear,0.0,0.635,0.8213944019318448
Clear,0.0,0.645,0.8111494449417781
Clear,0.0,0.655,0.800991752952232
Clear,0.0,0.665,0.7909537747647161
Clear,0.0,0.675,0.7806294313551475
Clear,0.0,0.685,0.7701587892321049
Clear,0.0,0.6950000000000001,0.7595133978414588
Clear,0.0,0.7050000000000001,0.7488701123072372
Clear,0.0,0.715,0.7380686550764702
Clear,0.0,0.725,0.7272286907567886
Clear,0.0,0.735,0.7166514961969199
Clear,0.0,0.745,0.7066684710897585
Clear,0.0,0.755,0.6963476525203188
Clear,0.0,0.765,0.6858481517453803
Clear,0.0,0.775,0.6748891266592233
Clear,0.0,0.785,0.6638050594553605
Clear,0.0,0.795,0.6527498234128036
Clear,0.0,0.805,0.6417540969210889
Clear,0.0,0.8150000000000001,0.6317257383042533
Clear,0.0,0.8250000000000001,0.6213895091593266
Clear,0.0,0.835,0.6104150298418998
Clear,0.0,0.845,0.599281726832899
Clear,0.0,0.855,0.5885086739923868
Clear,0.0,0.865,0.5782345783612717
Clear,0.0,0.875,0.5676548051873692
Clear,0.0,0.885,0.5571656742339659
Clear,0.0,0.895,0.5467540770853013
Clear,25.0,0.005,1.0
Clear,25.0,0.015,0.9998464479093566
Clear,25.0,0.025,0.9995217652719091
Clear,25.0,0.035,0.999050521304571
Clear,25.0,0.045,0.9983881279957144
Clear,25.0,0.055,0.9975383620124108
Clear,25.0,0.065,0.9967307008660603
Clear,25.0,0.07500000000000001,0.9958260256047079
Clear,25.0,0.08499999999999999,0.994528828092154
Clear,25.0,0.095,0.9931542510753909
Clear,25.0,0.10500000000000001,0.9915921629628083
Clear,25.0,0.11499999999999999,0.9897209478968705
Clear,25.0,0.125,0.9878265759456446
Clear,25.0,0.135,0.9860589632490042
Clear,25.0,0.14500000000000002,0.9837723543636776
Clear,25.0,0.155,0.980980140766396
Clear,25.0,0.165,0.9780888228135107
Clear,25.0,0.175,0.9751722621993957
Clear,25.0,0.185,0.972007001835863
Clear,25.0,0.195,0.9688031334128148
Clear,25.0,0.20500000000000002,0.9654790453711525
Clear,25.0,0.215,0.9618256114307672
Clear,25.0,0.225,0.957853670137135
Clear,25.0,0.235,0.9534670883696693
Clear,25.0,0.245,0.9486402051878514
Clear,25.0,0.255,0.9436508257367975
Clear,25.0,0.265,0.9386010555769857
Clear,25.0,0.275,0.9334186988734283
Clear,25.0,0.28500000000000003,0.9276341607294512
Clear,25.0,0.295,0.921504352351255
Clear,25.0,0.305,0.9149689441556619
Clear,25.0,0.315,0.9080662194194762
Clear,25.0,0.325,0.9016664076986097
Clear,25.0,0.335,0.8950207180114135
Clear,25.0,0.34500000000000003,0.8871126556766838
Clear,25.0,0.355,0.8787229606684344
Clear,25.0,0.365,0.8704173463955376
Clear,25.0,0.375,0.8615665039358936
Clear,25.0,0.385,0.8519414514506245
Clear,25.0,0.395,0.8422001547031878
Clear,25.0,0.405,0.8326855137683253
Clear,25.0,0.41500000000000004,0.8227968173916279
Clear,25.0,0.425,0.8112511306206296
Clear,25.0,0.435,0.7992083169042924
Clear,25.0,0.445,0.7870535757181941
Clear,25.0,0.455,0.7745682703588499
Clear,25.0,0.465,0.7624484695033634
Clear,25.0,0.475,0.7509569654028294
Clear,25.0,0.485,0.7380398397282675
Clear,25.0,0.495,0.7248521261052814
Clear,25.0,0.505,0.7121332658204825
Clear,25.0,0.515,0.6995870174608402
Clear,25.0,0.525,0.6869929605186144
Clear,25.0,0.535,0.6745289357464072
Clear,25.0,0.545,0.6626987779892747
Clear,25.0,0.555,0.6503879990413455
Clear,25.0,0.5650000000000001,0.6378844108906417
Clear,25.0,0.575,0.6252687814656213
Clear,25.0,0.585,0.6125983430018488
Clear,25.0,0.595,0.600257639340246
Clear,25.0,0.605,0.5885885106768286
Clear,25.0,0.615,0.5772896988799368
Clear,25.0,0.625,0.5655837520278757
Clear,25.0,0.635,0.5536600132522551
Clear,25.0,0.645,0.5421521551942069
Clear,25.0,0.655,0.5309415067866274
Clear,25.0,0.665,0.520079184315224
Clear,25.0,0.675,0.5091014376153625
Clear,25.0,0.685,0.4981654579479521
Clear,25.0,0.6950000000000001,0.4872463807818776
Clear,25.0,0.7050000000000001,0.4765024784323048
Clear,25.0,0.715,0.46580278624446436
Clear,25.0,0.725,0.45524998281742607
Clear,25.0,0.735,0.44511081116328155
Clear,25.0,0.745,0.43567241525657063
Clear,25.0,0.755,0.42609482385047576
Clear,25.0,0.765,0.4164810102620232
Clear,25.0,0.775,0.4066188120072214
Clear,25.0,0.785,0.39678974565032854
Clear,25.0,0.795,0.38713342567922077
Clear,25.0,0.805,0.3776678267263613
Clear,25.0,0.8150000000000001,0.3691725651897748
Clear,25.0,0.8250000000000001,0.3605468377263463
Clear,25.0,0.835,0.3514926302499087
Clear,25.0,0.845,0.3424456955769748
Clear,25.0,0.855,0.3338131441514342
Clear,25.0,0.865,0.32569894990334575
Clear,25.0,0.875,0.3174498528000352
Clear,25.0,0.885,0.30937128526942953
Clear,25.0,0.895,0.3014460203709949
Clear,50.0,0.005,1.0
Clear,50.0,0.015,0.9993858965758025
Clear,50.0,0.025,0.9980879868709076
Clear,50.0,0.035,0.9962057321261796
Clear,50.0,0.045,0.9935631329265547
Clear,50.0,0.055,0.9901781652009117
Clear,50.0,0.065,0.9869662892241966
Clear,50.0,0.07500000000000001,0.9833752243115289
Clear,50.0,0.08499999999999999,0.9782376783578803
Clear,50.0,0.095,0.9728091731441146
Clear,50.0,0.10500000000000001,0.9666601580214653
Clear,50.0,0.11499999999999999,0.9593214888927337
Clear,50.0,0.125,0.9519227935316975
Clear,50.0,0.135,0.9450470206471917
Clear,50.0,0.14500000000000002,0.9361945054737082
Clear,50.0,0.155,0.9254477766038628
Clear,50.0,0.165,0.9143911837738568
Clear,50.0,0.175,0.9033174098137492
Clear,50.0,0.185,0.8913867560671431
Clear,50.0,0.195,0.8794065931209072
Clear,50.0,0.20500000000000002,0.8670734567156402
Clear,50.0,0.215,0.853634396411981
Clear,50.0,0.225,0.8391656253974746
Clear,50.0,0.235,0.8233591599160844
Clear,50.0,0.245,0.8061744616698188
Clear,50.0,0.255,0.788635400634375
Clear,50.0,0.265,0.7711209043550327
Clear,50.0,0.275,0.7533864200756145
Clear,50.0,0.28500000000000003,0.7338853153443008
Clear,50.0,0.295,0.7135557063452795
Clear,50.0,0.305,0.6922576195670336
Clear,50.0,0.315,0.670176693469589
Clear,50.0,0.325,0.6500888306834044
Clear,50.0,0.335,0.6296223121280502
Clear,50.0,0.34500000000000003,0.6057643115107573
Clear,50.0,0.355,0.5810379666594153
Clear,50.0,0.365,0.5571593903685852
Clear,50.0,0.375,0.5323692302715256
Clear,50.0,0.385,0.5061575682162559
Clear,50.0,0.395,0.4804074485716436
Clear,50.0,0.405,0.45612952490244263
Clear,50.0,0.41500000000000004,0.4335742647483361
Clear,50.0,0.425,0.4104924930363289
Clear,50.0,0.435,0.38847836977081696
Clear,50.0,0.445,0.3676734941958053
Clear,50.0,0.455,0.34755349646993267
Clear,50.0,0.465,0.32900017604748244
Clear,50.0,0.475,0.3122255111570318
Clear,50.0,0.485,0.29420069620884187
Clear,50.0,0.495,0.27661562709080484
Clear,50.0,0.505,0.2603445661822485
Clear,50.0,0.515,0.24499184816083278
Clear,50.0,0.525,0.23017327842005025
Clear,50.0,0.535,0.21609263470889808
Clear,50.0,0.545,0.20316530214305223
Clear,50.0,0.555,0.1902320435264773
Clear,50.0,0.5650000000000001,0.1775895542325176
Clear,50.0,0.575,0.16531447145855432
Clear,50.0,0.585,0.15345201189920474
Clear,50.0,0.595,0.1423237736973807
Clear,50.0,0.605,0.1321661904709452
Clear,50.0,0.615,0.12267778298939404
Clear,50.0,0.625,0.11321904332574903
Clear,50.0,0.635,0.10391616856912632
Clear,50.0,0.645,0.09524731361973945
Clear,50.0,0.655,0.0870746141568453
Clear,50.0,0.665,0.07945816200985048
Clear,50.0,0.675,0.07197852611872034
Clear,50.0,0.685,0.06483229641609359
Clear,50.0,0.6950000000000001,0.057933662973451615
Clear,50.0,0.7050000000000001,0.05135298091288548
Clear,50.0,0.715,0.045034873548642135
Clear,50.0,0.725,0.038994111177053856
Clear,50.0,0.735,0.0333886553194473
Clear,50.0,0.745,0.028289727440343953
Clear,50.0,0.755,0.023350045265975786
Clear,50.0,0.765,0.018487213146632937
Clear,50.0,0.775,0.013658005411346638
Clear,50.0,0.785,0.008985820282142589
Clear,50.0,0.795,0.004520432337727701
Clear,50.0,0.805,0.00026520731531388486
Clear,50.0,0.8150000000000001,-0.0034528393865834676
Clear,50.0,0.8250000000000001,-0.007096156519881075
Clear,50.0,0.835,-0.010846208624674421
Clear,50.0,0.845,-0.014514987968738647
Clear,50.0,0.855,-0.017920305763220647
Clear,50.0,0.865,-0.021058068856136532
Clear,50.0,0.875,-0.024195299328461685
Clear,50.0,0.885,-0.027185536555778336
Clear,50.0,0.895,-0.030041722300657974
Clear,75.0,0.005,1.0
Clear,75.0,0.015,0.9986186607175009
Clear,75.0,0.025,0.9957014398815901
Clear,75.0,0.035,0.991476555487127
Clear,75.0,0.045,0.9855567883482991
Clear,75.0,0.055,0.9779932450537318
Clear,75.0,0.065,0.970836487327959
Clear,75.0,0.07500000000000001,0.9628594161623509
Clear,75.0,0.08499999999999999,0.9514901550932257
Clear,75.0,0.095,0.9395343712609432
Clear,75.0,0.10500000000000001,0.926065513805256
Clear,75.0,0.11499999999999999,0.9100906804442873
Clear,75.0,0.125,0.8940977486863951
Clear,75.0,0.135,0.8793365300954347
Clear,75.0,0.14500000000000002,0.8604838712049132
Clear,75.0,0.155,0.8378245727243978
Clear,75.0,0.165,0.8147675651133441
Clear,75.0,0.175,0.7919559433688141
Clear,75.0,0.185,0.7676863554107862
Clear,75.0,0.195,0.7436505774108969
Clear,75.0,0.20500000000000002,0.7192400797460927
Clear,75.0,0.215,0.6930377887350924
Clear,75.0,0.225,0.6653087058360438
Clear,75.0,0.235,0.635594010778548
Clear,75.0,0.245,0.6039767272302993
Clear,75.0,0.255,0.572437793950657
Clear,75.0,0.265,0.5417043173069764
Clear,75.0,0.275,0.511344604071534
Clear,75.0,0.28500000000000003,0.47887777719181535
Clear,75.0,0.295,0.4460607785940988
Clear,75.0,0.305,0.41281382255690485
Clear,75.0,0.315,0.379567619700506
Clear,75.0,0.325,0.35043631866401526
Clear,75.0,0.335,0.32187097924216945
Clear,75.0,0.34500000000000003,0.2899498802524825
Clear,75.0,0.355,0.2584545324140472
Clear,75.0,0.365,0.22962810540111897
Clear,75.0,0.375,0.2013909105765386
Clear,75.0,0.385,0.17340356176292104
Clear,75.0,0.395,0.14779769446493168
Clear,75.0,0.405,0.12535507360768025
Clear,75.0,0.41500000000000004,0.10583258562471383
Clear,75.0,0.425,0.08709239213533809
Clear,75.0,0.435,0.07040143156875336
Clear,75.0,0.445,0.05568940246549758
Clear,75.0,0.455,0.04245243669752592
Clear,75.0,0.465,0.031108111272246185
Clear,75.0,0.475,0.02156681853111297
Clear,75.0,0.485,0.012120914059607493
Clear,75.0,0.495,0.0036498284133724087
Clear,75.0,0.505,-0.0034808321609398063
Clear,75.0,0.515,-0.0095902815393714
Clear,75.0,0.525,-0.014907523805558822
Clear,75.0,0.535,-0.019457342101570425
Clear,75.0,0.545,-0.02315164334468773
Clear,75.0,0.555,-0.026376373017891978
Clear,75.0,0.5650000000000001,-0.029116024874159638
Clear,75.0,0.575,-0.031334879307562534
Clear,75.0,0.585,-0.03313634956534413
Clear,75.0,0.595,-0.03440383671411051
Clear,75.0,0.605,-0.03532158381748053
Clear,75.0,0.615,-0.03588451832773589
Clear,75.0,0.625,-0.036161926568158566
Clear,75.0,0.635,-0.036223495505030526
Clear,75.0,0.645,-0.03606840273668522
Clear,75.0,0.655,-0.03576058002540776
Clear,75.0,0.665,-0.03527132514030297
Clear,75.0,0.675,-0.03474512243664633
Clear,75.0,0.685,-0.03399278695689857
Clear,75.0,0.6950000000000001,-0.03318689776494993
Clear,75.0,0.7050000000000001,-0.03233697807911041
Clear,75.0,0.715,-0.03145334827293543
Clear,75.0,0.725,-0.030600539333698763
Clear,75.0,0.735,-0.029707058300868946
Clear,75.0,0.745,-0.02892179440694334
Clear,75.0,0.755,-0.028054652157350403
Clear,75.0,0.765,-0.027273024450691394
Clear,75.0,0.775,-0.02652392621355683
Clear,75.0,0.785,-0.025814099271893796
Clear,75.0,0.795,-0.025185294686255515
Clear,75.0,0.805,-0.024624718950693087
Clear,75.0,0.8150000000000001,-0.0242184571210411
Clear,75.0,0.8250000000000001,-0.02386346055817851
Clear,75.0,0.835,-0.02353693834929614
Clear,75.0,0.845,-0.023360497426158488
Clear,75.0,0.855,-0.023279662554720082
Clear,75.0,0.865,-0.02333067457048428
Clear,75.0,0.875,-0.023510074225836158
Clear,75.0,0.885,-0.023737673093016647
Clear,75.0,0.895,-0.024040592772187973
Clear,100.0,0.005,1.0
Clear,100.0,0.015,0.9975452645416161
Clear,100.0,0.025,0.9923667419004927
Clear,100.0,0.035,0.9848811375171937
Clear,100.0,0.045,0.9744217534590836
Clear,100.0,0.055,0.9611056120994236
Clear,100.0,0.065,0.9485550629795588
Clear,100.0,0.07500000000000001,0.9346265207889002
Clear,100.0,0.08499999999999999,0.9148807337987213
Clear,100.0,0.095,0.8942564656561173
Clear,100.0,0.10500000000000001,0.8712014757862103
Clear,100.0,0.11499999999999999,0.8440983536854143
Clear,100.0,0.125,0.8172350667387314
Clear,100.0,0.135,0.792682911846179
Clear,100.0,0.14500000000000002,0.761686655396149
Clear,100.0,0.155,0.7249660746815318
Clear,100.0,0.165,0.6881961059159859
Clear,100.0,0.175,0.6524651845015048
Clear,100.0,0.185,0.6151501068495452
Clear,100.0,0.195,0.5789472169355014
Clear,100.0,0.20500000000000002,0.5429211545539365
Clear,100.0,0.215,0.5051227718296559
Clear,100.0,0.225,0.4661633707320058
Clear,100.0,0.235,0.4256446350782544
Clear,100.0,0.245,0.38397137017898225
Clear,100.0,0.255,0.34389962535747826
Clear,100.0,0.265,0.306384518893415
Clear,100.0,0.275,0.2708255927236711
Clear,100.0,0.28500000000000003,0.23457105550797822
Clear,100.0,0.295,0.19987044294442505
Clear,100.0,0.305,0.16680040640758673
Clear,100.0,0.315,0.13592403635515446
Clear,100.0,0.325,0.1108203771278195
Clear,100.0,0.335,0.08810105192379228
Clear,100.0,0.34500000000000003,0.0649910327944541
Clear,100.0,0.355,0.04473982894784064
Clear,100.0,0.365,0.0286793596617659
Clear,100.0,0.375,0.015489589958158663
Clear,100.0,0.385,0.005132049922266421
Clear,100.0,0.395,-0.0016916977176214397
Clear,100.0,0.405,-0.005394291683766468
Clear,100.0,0.41500000000000004,-0.007424110265972138
Clear,100.0,0.425,-0.008575436676943047
Clear,100.0,0.435,-0.008598363802847583
Clear,100.0,0.445,-0.007574404816054088
Clear,100.0,0.455,-0.005696319124793169
Clear,100.0,0.465,-0.0032058996840619836
Clear,100.0,0.475,-0.00039439125794626955
Clear,100.0,0.485,0.003246834943062869
Clear,100.0,0.495,0.007278142117932344
Clear,100.0,0.505,0.01147494678954004
Clear,100.0,0.515,0.01572348802377375
Clear,100.0,0.525,0.02009936007586248
Clear,100.0,0.535,0.024401009304596512
Clear,100.0,0.545,0.02858236540602076
Clear,100.0,0.555,0.03288873706508265
Clear,100.0,0.5650000000000001,0.03712901061465151
Clear,100.0,0.575,0.0413230776186325
Clear,100.0,0.585,0.04530676048180344
Clear,100.0,0.595,0.04913664463304716
Clear,100.0,0.605,0.05251981763541335
Clear,100.0,0.615,0.05567215939476079
Clear,100.0,0.625,0.05875624434426565
Clear,100.0,0.635,0.061675849620250474
Clear,100.0,0.645,0.06431301812536552
Clear,100.0,0.655,0.06669402679492197
Clear,100.0,0.665,0.06882836375305916
Clear,100.0,0.675,0.07074296276162607
Clear,100.0,0.685,0.0725454464299317
Clear,100.0,0.6950000000000001,0.07413107423497453
Clear,100.0,0.7050000000000001,0.07553694731450598
Clear,100.0,0.715,0.07672593101599173
Clear,100.0,0.725,0.07769724746845702
Clear,100.0,0.735,0.07853563912341392
Clear,100.0,0.745,0.07918369531851688
Clear,100.0,0.755,0.07968596027541712
Clear,100.0,0.765,0.08005891082053965
Clear,100.0,0.775,0.0802758069950527
Clear,100.0,0.785,0.08037852835573309
Clear,100.0,0.795,0.08035397851310884
Clear,100.0,0.805,0.0802188987931711
Clear,100.0,0.8150000000000001,0.07996185848372726
Clear,100.0,0.8250000000000001,0.07954601571634838
Clear,100.0,0.835,0.07908248770689773
Clear,100.0,0.845,0.0784727558658233
Clear,100.0,0.855,0.07776976622037439
Clear,100.0,0.865,0.07699627701730048
Clear,100.0,0.875,0.07610521887709337
Clear,100.0,0.885,0.07515806977463858
Clear,100.0,0.895,0.07410724814224104
Cubic,-100.0,0.005,1.0
Cubic,-100.0,0.015,0.9968392157057296
Cubic,-100.0,0.025,0.990188316517306
Cubic,-100.0,0.035,0.980618658560736
Cubic,-100.0,0.045,0.9673213624646207
Cubic,-100.0,0.055,0.9505473555116127
Cubic,-100.0,0.065,0.9347424068158887
Cubic,-100.0,0.07500000000000001,0.9176564448476479
Cubic,-100.0,0.08499999999999999,0.8936454064677134
Cubic,-100.0,0.095,0.8688764648814746
Cubic,-100.0,0.10500000000000001,0.8418782783085424
Cubic,-100.0,0.11499999999999999,0.8109715423794397
Cubic,-100.0,0.125,0.7808032029871679
Cubic,-100.0,0.135,0.7535235912937251
Cubic,-100.0,0.14500000000000002,0.721911188512279
Cubic,-100.0,0.155,0.6845541924612593
Cubic,-100.0,0.165,0.6501753650077364
Cubic,-100.0,0.175,0.619018180176713
Cubic,-100.0,0.185,0.5867638711285929
Cubic,-100.0,0.195,0.5542003449257371
Cubic,-100.0,0.20500000000000002,0.5279184597386514
Cubic,-100.0,0.215,0.5069752838351329
Cubic,-100.0,0.225,0.48102300369768186
Cubic,-100.0,0.235,0.4601692807159985
Cubic,-100.0,0.245,0.4318077681651694
Cubic,-100.0,0.255,0.416668175963994
Cubic,-100.0,0.265,0.3967481774301967
Cubic,-100.0,0.275,0.38611133574529666
Cubic,-100.0,0.28500000000000003,0.3811314548392446
Cubic,-100.0,0.295,0.3616940556959098
Cubic,-100.0,0.305,0.35296276002348465
Cubic,-100.0,0.315,0.352101772506705
Cubic,-100.0,0.325,0.3361588002298276
Cubic,-100.0,0.335,0.3242801249169767
Cubic,-100.0,0.34500000000000003,0.3205691725877566
Cubic,-100.0,0.355,0.31445684379536565
Cubic,-100.0,0.365,0.3037658604726453
Cubic,-100.0,0.375,0.2955591993585043
Cubic,-100.0,0.385,0.2791348574216642
Cubic,-100.0,0.395,0.2642156724938058
Cubic,-100.0,0.405,0.24958306871622332
Cubic,-100.0,0.41500000000000004,0.24935610581087667
Cubic,-100.0,0.425,0.23813897736162984
Cubic,-100.0,0.435,0.22440347892928894
Cubic,-100.0,0.445,0.21454826333468924
Cubic,-100.0,0.455,0.2028221443152626
Cubic,-100.0,0.465,0.19303080658821412
Cubic,-100.0,0.475,0.18215910062199236
Cubic,-100.0,0.485,0.17791331340906313
Cubic,-100.0,0.495,0.16939997629152886
Cubic,-100.0,0.505,0.1615870107410017
Cubic,-100.0,0.515,0.1544936961375659
Cubic,-100.0,0.525,0.14637904923981696
Cubic,-100.0,0.535,0.137850211651203
Cubic,-100.0,0.545,0.13181622077456945
Cubic,-100.0,0.555,0.12932377556479005
Cubic,-100.0,0.5650000000000001,0.12321310836257444
Cubic,-100.0,0.575,0.11812176398752035
Cubic,-100.0,0.585,0.11102825288511486
Cubic,-100.0,0.595,0.10813015556392355
Cubic,-100.0,0.605,0.10186917635907064
Cubic,-100.0,0.615,0.09802976080058266
Cubic,-100.0,0.625,0.09588535975414403
Cubic,-100.0,0.635,0.09195811752936683
Cubic,-100.0,0.645,0.08833245527861038
Cubic,-100.0,0.655,0.08473755342301804
Cubic,-100.0,0.665,0.0822873472850112
Cubic,-100.0,0.675,0.0770903701135477
Cubic,-100.0,0.685,0.07580254376444232
Cubic,-100.0,0.6950000000000001,0.07384104783904985
Cubic,-100.0,0.7050000000000001,0.07163724053624047
Cubic,-100.0,0.715,0.06892871681956528
Cubic,-100.0,0.725,0.06575231808683683
Cubic,-100.0,0.735,0.06381131479318533
Cubic,-100.0,0.745,0.06146141200332978
Cubic,-100.0,0.755,0.06076224202418116
Cubic,-100.0,0.765,0.059046657924586604
Cubic,-100.0,0.775,0.05658164785808384
Cubic,-100.0,0.785,0.055004428519268664
Cubic,-100.0,0.795,0.053303328777002876
Cubic,-100.0,0.805,0.05193670449282357
Cubic,-100.0,0.8150000000000001,0.04989607900930373
Cubic,-100.0,0.8250000000000001,0.04863183837255247
Cubic,-100.0,0.835,0.047623774485220906
Cubic,-100.0,0.845,0.046275255139341595
Cubic,-100.0,0.855,0.04502446790779903
Cubic,-100.0,0.865,0.043492423172594115
Cubic,-100.0,0.875,0.04180659240751021
Cubic,-100.0,0.885,0.04063644349961538
Cubic,-100.0,0.895,0.040340963246696004
Cubic,-75.0,0.005,1.0
Cubic,-75.0,0.015,0.9979367949190456
Cubic,-75.0,0.025,0.9935878988540002
Cubic,-75.0,0.035,0.9873113185472867
Cubic,-75.0,0.045,0.9785557936501968
Cubic,-75.0,0.055,0.9674466677937025
Cubic,-75.0,0.065,0.9569558682704503
Cubic,-75.0,0.07500000000000001,0.9454649132757661
Cubic,-75.0,0.08499999999999999,0.9292189513383811
Cubic,-75.0,0.095,0.9123210616353742
Cubic,-75.0,0.10500000000000001,0.8936523370643583
Cubic,-75.0,0.11499999999999999,0.8719781887084749
Cubic,-75.0,0.125,0.8506011980320598
Cubic,-75.0,0.135,0.8310891644569177
Cubic,-75.0,0.14500000000000002,0.8076711446028663
Cubic,-75.0,0.155,0.7798036760386123
Cubic,-75.0,0.165,0.7532316910036948
Cubic,-75.0,0.175,0.728430922032038
Cubic,-75.0,0.185,0.7025087455505548
Cubic,-75.0,0.195,0.6763550005206359
Cubic,-75.0,0.20500000000000002,0.6535761207059537
Cubic,-75.0,0.215,0.6335780212579044
Cubic,-75.0,0.225,0.6102815471654783
Cubic,-75.0,0.235,0.5898407476120242
Cubic,-75.0,0.245,0.5640320200751917
Cubic,-75.0,0.255,0.5473846296082154
Cubic,-75.0,0.265,0.5276926793023448
Cubic,-75.0,0.275,0.5152360939594007
Cubic,-75.0,0.28500000000000003,0.5077865050739617
Cubic,-75.0,0.295,0.48903584475397854
Cubic,-75.0,0.305,0.47992334679229925
Cubic,-75.0,0.315,0.4791262559525642
Cubic,-75.0,0.325,0.46517707796899266
Cubic,-75.0,0.335,0.45518625911657473
Cubic,-75.0,0.34500000000000003,0.45470042316755527
Cubic,-75.0,0.355,0.45378983812617507
Cubic,-75.0,0.365,0.448070104521099
Cubic,-75.0,0.375,0.44696120466164535
Cubic,-75.0,0.385,0.4349605291458967
Cubic,-75.0,0.395,0.4234918132561894
Cubic,-75.0,0.405,0.41547723756431243
Cubic,-75.0,0.41500000000000004,0.41937032056213497
Cubic,-75.0,0.425,0.4131933809150166
Cubic,-75.0,0.435,0.39877734032671214
Cubic,-75.0,0.445,0.39354290054656305
Cubic,-75.0,0.455,0.38204875444385156
Cubic,-75.0,0.465,0.37380544252643405
Cubic,-75.0,0.475,0.36261171170380896
Cubic,-75.0,0.485,0.36017284676488603
Cubic,-75.0,0.495,0.351194589690447
Cubic,-75.0,0.505,0.34396903468061385
Cubic,-75.0,0.515,0.3361627391984726
Cubic,-75.0,0.525,0.3265642302369945
Cubic,-75.0,0.535,0.31554127576025554
Cubic,-75.0,0.545,0.30835412074052865
Cubic,-75.0,0.555,0.306135457884117
Cubic,-75.0,0.5650000000000001,0.298185775746796
Cubic,-75.0,0.575,0.29140351952706217
Cubic,-75.0,0.585,0.28105686004915487
Cubic,-75.0,0.595,0.2776260499764208
Cubic,-75.0,0.605,0.26632437474014753
Cubic,-75.0,0.615,0.2601135023791832
Cubic,-75.0,0.625,0.258865110058948
Cubic,-75.0,0.635,0.2528894848843122
Cubic,-75.0,0.645,0.24616992532503926
Cubic,-75.0,0.655,0.23899060287466892
Cubic,-75.0,0.665,0.23489645429171188
Cubic,-75.0,0.675,0.22245765348438767
Cubic,-75.0,0.685,0.2217214298225329
Cubic,-75.0,0.6950000000000001,0.21951314127996904
Cubic,-75.0,0.7050000000000001,0.2139565091599545
Cubic,-75.0,0.715,0.2088851416243432
Cubic,-75.0,0.725,0.2016690318654407
Cubic,-75.0,0.735,0.19604870572793942
Cubic,-75.0,0.745,0.1875620458415737
Cubic,-75.0,0.755,0.19039366728444324
Cubic,-75.0,0.765,0.18684935272858344
Cubic,-75.0,0.775,0.17922658220863388
Cubic,-75.0,0.785,0.17517515144572876
Cubic,-75.0,0.795,0.16962375193494444
Cubic,-75.0,0.805,0.16452880902084424
Cubic,-75.0,0.8150000000000001,0.15630333688123937
Cubic,-75.0,0.8250000000000001,0.15750686037714232
Cubic,-75.0,0.835,0.15419662300967285
Cubic,-75.0,0.845,0.1488990681305639
Cubic,-75.0,0.855,0.14640771828502086
Cubic,-75.0,0.865,0.14027705654268172
Cubic,-75.0,0.875,0.1332658359074236
Cubic,-75.0,0.885,0.1285127344416954
Cubic,-75.0,0.895,0.1302007865254394
Cubic,-50.0,0.005,1.0
Cubic,-50.0,0.015,0.9987213285431314
Cubic,-50.0,0.025,0.996020987976042
Cubic,-50.0,0.035,0.9921106041255012
Cubic,-50.0,0.045,0.9866345975237029
Cubic,-50.0,0.055,0.9796418987922417
Cubic,-50.0,0.065,0.9730399094619342
Cubic,-50.0,0.07500000000000001,0.9656758428953474
Cubic,-50.0,0.08499999999999999,0.9552118355209638
Cubic,-50.0,0.095,0.9442471221700443
Cubic,-50.0,0.10500000000000001,0.9319470044901182
Cubic,-50.0,0.11499999999999999,0.9174472764944576
Cubic,-50.0,0.125,0.9030293863895923
Cubic,-50.0,0.135,0.8897881488720908
Cubic,-50.0,0.14500000000000002,0.8731398375822754
Cubic,-50.0,0.155,0.8533202867578847
Cubic,-50.0,0.165,0.8335924043835274
Cubic,-50.0,0.175,0.8145494254907125
Cubic,-50.0,0.185,0.7945530184868275
Cubic,-50.0,0.195,0.7746901103385397
Cubic,-50.0,0.20500000000000002,0.7556112366700565
Cubic,-50.0,0.215,0.7366963919118185
Cubic,-50.0,0.225,0.71627203006335
Cubic,-50.0,0.235,0.6961343218350914
Cubic,-50.0,0.245,0.6733710650176605
Cubic,-50.0,0.255,0.6543284943688668
Cubic,-50.0,0.265,0.6345531968672248
Cubic,-50.0,0.275,0.6182230961101569
Cubic,-50.0,0.28500000000000003,0.6039439148954787
Cubic,-50.0,0.295,0.5844280997303495
Cubic,-50.0,0.305,0.5698516032042914
Cubic,-50.0,0.315,0.5602872841694357
Cubic,-50.0,0.325,0.5450744090425443
Cubic,-50.0,0.335,0.5321986897510137
Cubic,-50.0,0.34500000000000003,0.5246270117989911
Cubic,-50.0,0.355,0.5179478301985464
Cubic,-50.0,0.365,0.5091705578164744
Cubic,-50.0,0.375,0.5045550960141453
Cubic,-50.0,0.385,0.4921761263648372
Cubic,-50.0,0.395,0.48015761191924944
Cubic,-50.0,0.405,0.4730404636203817
Cubic,-50.0,0.41500000000000004,0.472759666061709
Cubic,-50.0,0.425,0.46704167389213663
Cubic,-50.0,0.435,0.45205428995457786
Cubic,-50.0,0.445,0.44796220252139396
Cubic,-50.0,0.455,0.43659260716532355
Cubic,-50.0,0.465,0.4291342318575445
Cubic,-50.0,0.475,0.4191897502820873
Cubic,-50.0,0.485,0.41454294171610173
Cubic,-50.0,0.495,0.40509887760517405
Cubic,-50.0,0.505,0.3990913018289496
Cubic,-50.0,0.515,0.3905536354713258
Cubic,-50.0,0.525,0.38146624210448776
Cubic,-50.0,0.535,0.3694498336115164
Cubic,-50.0,0.545,0.36317155678924706
Cubic,-50.0,0.555,0.3590400530921031
Cubic,-50.0,0.5650000000000001,0.35034577001954276
Cubic,-50.0,0.575,0.3431537474303942
Cubic,-50.0,0.585,0.3316990305553203
Cubic,-50.0,0.595,0.3268477472298323
Cubic,-50.0,0.605,0.31575370672920566
Cubic,-50.0,0.615,0.30863760122668404
Cubic,-50.0,0.625,0.3044533942566992
Cubic,-50.0,0.635,0.29686768391555185
Cubic,-50.0,0.645,0.28889818143345924
Cubic,-50.0,0.655,0.2805024037655193
Cubic,-50.0,0.665,0.27434198594078624
Cubic,-50.0,0.675,0.2626377581395219
Cubic,-50.0,0.685,0.25860136097995107
Cubic,-50.0,0.6950000000000001,0.25335864406748465
Cubic,-50.0,0.7050000000000001,0.24572070906918236
Cubic,-50.0,0.715,0.23868170515196546
Cubic,-50.0,0.725,0.23053089146335481
Cubic,-50.0,0.735,0.22300660488978039
Cubic,-50.0,0.745,0.21412000633154987
Cubic,-50.0,0.755,0.21174933327941314
Cubic,-50.0,0.765,0.20554343256581578
Cubic,-50.0,0.775,0.19715343785642128
Cubic,-50.0,0.785,0.19045575305258164
Cubic,-50.0,0.795,0.1829213253994078
Cubic,-50.0,0.805,0.17536925886240048
Cubic,-50.0,0.8150000000000001,0.16741366565719543
Cubic,-50.0,0.8250000000000001,0.1644881997473487
Cubic,-50.0,0.835,0.15723132835663203
Cubic,-50.0,0.845,0.14984061267231083
Cubic,-50.0,0.855,0.14376389068390186
Cubic,-50.0,0.865,0.13694537303514903
Cubic,-50.0,0.875,0.13042118347563617
Cubic,-50.0,0.885,0.12357894226697702
Cubic,-50.0,0.895,0.1179514936838204
Cubic,-25.0,0.005,1.0
Cubic,-25.0,0.015,0.9991922682099628
Cubic,-25.0,0.025,0.9974827702725785
Cubic,-25.0,0.035,0.9949977198384027
Cubic,-25.0,0.045,0.9915036572283684
Cubic,-25.0,0.055,0.9870090800613874
Cubic,-25.0,0.065,0.9827780011296132
Cubic,-25.0,0.07500000000000001,0.977943044036145
Cubic,-25.0,0.08499999999999999,0.9710442538299764
Cubic,-25.0,0.095,0.9637670007073721
Cubic,-25.0,0.10500000000000001,0.9554609980784856
Cubic,-25.0,0.11499999999999999,0.9455069488018214
Cubic,-25.0,0.125,0.9355493275720721
Cubic,-25.0,0.135,0.9263758958591466
Cubic,-25.0,0.14500000000000002,0.9141804337577173
Cubic,-25.0,0.155,0.8997371023101198
Cubic,-25.0,0.165,0.8846691056902611
Cubic,-25.0,0.175,0.869618323313105
Cubic,-25.0,0.185,0.8538034470658633
Cubic,-25.0,0.195,0.8384915775963083
Cubic,-25.0,0.20500000000000002,0.8221849935907166
Cubic,-25.0,0.215,0.8041034819239842
Cubic,-25.0,0.225,0.7858448371633187
Cubic,-25.0,0.235,0.7658534715770509
Cubic,-25.0,0.245,0.7454670005503593
Cubic,-25.0,0.255,0.724237475863116
Cubic,-25.0,0.265,0.7041732545286794
Cubic,-25.0,0.275,0.6839958673210812
Cubic,-25.0,0.28500000000000003,0.6625828577783571
Cubic,-25.0,0.295,0.6415551733513007
Cubic,-25.0,0.305,0.6202151876479897
Cubic,-25.0,0.315,0.5994450788769685
Cubic,-25.0,0.325,0.581014755700906
Cubic,-25.0,0.335,0.5628113070363892
Cubic,-25.0,0.34500000000000003,0.5435928788193854
Cubic,-25.0,0.355,0.5253039829559862
Cubic,-25.0,0.365,0.508131316556463
Cubic,-25.0,0.375,0.49277059620989533
Cubic,-25.0,0.385,0.47483985251215244
Cubic,-25.0,0.395,0.4574912511471526
Cubic,-25.0,0.405,0.44400546071054464
Cubic,-25.0,0.41500000000000004,0.43464340018476555
Cubic,-25.0,0.425,0.4237387520920929
Cubic,-25.0,0.435,0.40625126593906574
Cubic,-25.0,0.445,0.39808546186932425
Cubic,-25.0,0.455,0.3842819288307181
Cubic,-25.0,0.465,0.3744970172315395
Cubic,-25.0,0.475,0.36371967266059824
Cubic,-25.0,0.485,0.3541292239186752
Cubic,-25.0,0.495,0.342403435805155
Cubic,-25.0,0.505,0.33604033586988036
Cubic,-25.0,0.515,0.3254715476608124
Cubic,-25.0,0.525,0.31614282941983646
Cubic,-25.0,0.535,0.30149392871823083
Cubic,-25.0,0.545,0.2960630233919419
Cubic,-25.0,0.555,0.2899424697977134
Cubic,-25.0,0.5650000000000001,0.2800790158240379
Cubic,-25.0,0.575,0.27320689874074017
Cubic,-25.0,0.585,0.25923795921965376
Cubic,-25.0,0.595,0.2541228650128556
Cubic,-25.0,0.605,0.2442009183955772
Cubic,-25.0,0.615,0.23709817942485223
Cubic,-25.0,0.625,0.22949458352977056
Cubic,-25.0,0.635,0.2205664949236837
Cubic,-25.0,0.645,0.21280116956032447
Cubic,-25.0,0.655,0.20446899121883835
Cubic,-25.0,0.665,0.1975426161412142
Cubic,-25.0,0.675,0.18752415631802855
Cubic,-25.0,0.685,0.1812650530488898
Cubic,-25.0,0.6950000000000001,0.17325984677363748
Cubic,-25.0,0.7050000000000001,0.1661027902606828
Cubic,-25.0,0.715,0.15786294935184672
Cubic,-25.0,0.725,0.14869700876586234
Cubic,-25.0,0.735,0.14205683002060676
Cubic,-25.0,0.745,0.13583773667635665
Cubic,-25.0,0.755,0.1277271426636698
Cubic,-25.0,0.765,0.11970715574509276
Cubic,-25.0,0.775,0.11242297795934893
Cubic,-25.0,0.785,0.1043812369012462
Cubic,-25.0,0.795,0.09703359858991624
Cubic,-25.0,0.805,0.08974267073467487
Cubic,-25.0,0.8150000000000001,0.08456719341274084
Cubic,-25.0,0.8250000000000001,0.07580101561096993
Cubic,-25.0,0.835,0.06772598186567204
Cubic,-25.0,0.845,0.06051265468849738
Cubic,-25.0,0.855,0.05222067256295727
Cubic,-25.0,0.865,0.04667769519143245
Cubic,-25.0,0.875,0.04231932526130163
Cubic,-25.0,0.885,0.03614832044810151
Cubic,-25.0,0.895,0.024795797495681858
Cubic,0.0,0.005,1.0
Cubic,0.0,0.015,0.9993492846913428
Cubic,0.0,0.025,0.9979703527501932
Cubic,0.0,0.035,0.9959613510102645
Cubic,0.0,0.045,0.993130316050796
Cubic,0.0,0.055,0.9894731802552684
Cubic,0.0,0.065,0.9860387186434147
Cubic,0.0,0.07500000000000001,0.9820557075888539
Cubic,0.0,0.08499999999999999,0.9763615182117273
Cubic,0.0,0.095,0.9703349977630541
Cubic,0.0,0.10500000000000001,0.9633897372496476
Cubic,0.0,0.11499999999999999,0.9549920200432686
Cubic,0.0,0.125,0.9465699569134756
Cubic,0.0,0.135,0.938805032791113
Cubic,0.0,0.14500000000000002,0.9281615561020522
Cubic,0.0,0.155,0.9156056775771878
Cubic,0.0,0.165,0.9021880837919876
Cubic,0.0,0.175,0.8885629690275385
Cubic,0.0,0.185,0.8742531975387273
Cubic,0.0,0.195,0.860597601968287
Cubic,0.0,0.20500000000000002,0.8453150969535183
Cubic,0.0,0.215,0.8275440691894609
Cubic,0.0,0.225,0.8100866621037375
Cubic,0.0,0.235,0.7901334330965852
Cubic,0.0,0.245,0.7706369939907844
Cubic,0.0,0.255,0.7485270647200799
Cubic,0.0,0.265,0.7283089100384669
Cubic,0.0,0.275,0.7065351271483249
Cubic,0.0,0.28500000000000003,0.682113921858219
Cubic,0.0,0.295,0.6603342379093868
Cubic,0.0,0.305,0.6359775517054519
Cubic,0.0,0.315,0.610166706708554
Cubic,0.0,0.325,0.59006146115074
Cubic,0.0,0.335,0.5692171285881193
Cubic,0.0,0.34500000000000003,0.5443791436906575
Cubic,0.0,0.355,0.5202405864853781
Cubic,0.0,0.365,0.49859398260329246
Cubic,0.0,0.375,0.477427133394223
Cubic,0.0,0.385,0.45612761100945975
Cubic,0.0,0.395,0.43553922055870264
Cubic,0.0,0.405,0.41787325449110346
Cubic,0.0,0.41500000000000004,0.4038218898065135
Cubic,0.0,0.425,0.3895650446131681
Cubic,0.0,0.435,0.37048689748249736
Cubic,0.0,0.445,0.35948489511805654
Cubic,0.0,0.455,0.3439725632718569
Cubic,0.0,0.465,0.33243816819287547
Cubic,0.0,0.475,0.32064882589146537
Cubic,0.0,0.485,0.30846879537207306
Cubic,0.0,0.495,0.2952641501826606
Cubic,0.0,0.505,0.2883147888263475
Cubic,0.0,0.515,0.2765152611255429
Cubic,0.0,0.525,0.26673298381527305
Cubic,0.0,0.535,0.2503391369568146
Cubic,0.0,0.545,0.24511619078370178
Cubic,0.0,0.555,0.238307563338042
Cubic,0.0,0.5650000000000001,0.22773385751110037
Cubic,0.0,0.575,0.22113321080698822
Cubic,0.0,0.585,0.20545013664550835
Cubic,0.0,0.595,0.2006863754476868
Cubic,0.0,0.605,0.19103291771493774
Cubic,0.0,0.615,0.18407535706985434
Cubic,0.0,0.625,0.1752771481812469
Cubic,0.0,0.635,0.16583252625704817
Cubic,0.0,0.645,0.15842409716714165
Cubic,0.0,0.655,0.15025417758655696
Cubic,0.0,0.665,0.14347628213449837
Cubic,0.0,0.675,0.1335382787422858
Cubic,0.0,0.685,0.12714249326971822
Cubic,0.0,0.6950000000000001,0.11838977280215471
Cubic,0.0,0.7050000000000001,0.11210940533632902
Cubic,0.0,0.715,0.103586733098092
Cubic,0.0,0.725,0.09355540272099575
Cubic,0.0,0.735,0.08797328007555863
Cubic,0.0,0.745,0.08312552201795954
Cubic,0.0,0.755,0.07355515249060958
Cubic,0.0,0.765,0.06513589328512172
Cubic,0.0,0.775,0.05835790476587577
Cubic,0.0,0.785,0.050151628559674755
Cubic,0.0,0.795,0.043309762975793926
Cubic,0.0,0.805,0.036809347814010435
Cubic,0.0,0.8150000000000001,0.032724335653474504
Cubic,0.0,0.8250000000000001,0.021823972233043703
Cubic,0.0,0.835,0.01464499187227663
Cubic,0.0,0.845,0.007921413013982583
Cubic,0.0,0.855,-0.0005496436829053516
Cubic,0.0,0.865,-0.005512569752775387
Cubic,0.0,0.875,-0.009300268770559322
Cubic,0.0,0.885,-0.014560078621670192
Cubic,0.0,0.895,-0.02654167270395108
Cubic,25.0,0.005,1.0
Cubic,25.0,0.015,0.9991922682099628
Cubic,25.0,0.025,0.9974827702725784
Cubic,25.0,0.035,0.9949977198384027
Cubic,25.0,0.045,0.9915036572283684
Cubic,25.0,0.055,0.9870090800613875
Cubic,25.0,0.065,0.9827780011296131
Cubic,25.0,0.07500000000000001,0.9779430440361447
Cubic,25.0,0.08499999999999999,0.9710442538299763
Cubic,25.0,0.095,0.9637670007073723
Cubic,25.0,0.10500000000000001,0.9554609980784855
Cubic,25.0,0.11499999999999999,0.9455069488018216
Cubic,25.0,0.125,0.9355493275720723
Cubic,25.0,0.135,0.9263758958591465
Cubic,25.0,0.14500000000000002,0.9141804337577173
Cubic,25.0,0.155,0.89973710231012
Cubic,25.0,0.165,0.8846691056902611
Cubic,25.0,0.175,0.8696183233131054
Cubic,25.0,0.185,0.8538034470658633
Cubic,25.0,0.195,0.8384915775963083
Cubic,25.0,0.20500000000000002,0.8221849935907168
Cubic,25.0,0.215,0.8041034819239842
Cubic,25.0,0.225,0.7858448371633183
Cubic,25.0,0.235,0.7658534715770509
Cubic,25.0,0.245,0.7454670005503593
Cubic,25.0,0.255,0.7242374758631162
Cubic,25.0,0.265,0.7041732545286794
Cubic,25.0,0.275,0.6839958673210813
Cubic,25.0,0.28500000000000003,0.6625828577783572
Cubic,25.0,0.295,0.6415551733513007
Cubic,25.0,0.305,0.6202151876479897
Cubic,25.0,0.315,0.5994450788769685
Cubic,25.0,0.325,0.5810147557009061
Cubic,25.0,0.335,0.5628113070363893
Cubic,25.0,0.34500000000000003,0.5435928788193854
Cubic,25.0,0.355,0.5253039829559862
Cubic,25.0,0.365,0.508131316556463
Cubic,25.0,0.375,0.4927705962098955
Cubic,25.0,0.385,0.47483985251215244
Cubic,25.0,0.395,0.4574912511471526
Cubic,25.0,0.405,0.44400546071054464
Cubic,25.0,0.41500000000000004,0.43464340018476555
Cubic,25.0,0.425,0.423738752092093
Cubic,25.0,0.435,0.4062512659390658
Cubic,25.0,0.445,0.3980854618693242
Cubic,25.0,0.455,0.3842819288307181
Cubic,25.0,0.465,0.37449701723153944
Cubic,25.0,0.475,0.36371967266059824
Cubic,25.0,0.485,0.3541292239186752
Cubic,25.0,0.495,0.3424034358051549
Cubic,25.0,0.505,0.3360403358698803
Cubic,25.0,0.515,0.32547154766081243
Cubic,25.0,0.525,0.31614282941983646
Cubic,25.0,0.535,0.30149392871823083
Cubic,25.0,0.545,0.2960630233919419
Cubic,25.0,0.555,0.28994246979771343
Cubic,25.0,0.5650000000000001,0.28007901582403794
Cubic,25.0,0.575,0.2732068987407402
Cubic,25.0,0.585,0.25923795921965376
Cubic,25.0,0.595,0.2541228650128556
Cubic,25.0,0.605,0.24420091839557725
Cubic,25.0,0.615,0.23709817942485223
Cubic,25.0,0.625,0.22949458352977056
Cubic,25.0,0.635,0.22056649492368374
Cubic,25.0,0.645,0.2128011695603245
Cubic,25.0,0.655,0.20446899121883835
Cubic,25.0,0.665,0.1975426161412142
Cubic,25.0,0.675,0.18752415631802857
Cubic,25.0,0.685,0.1812650530488898
Cubic,25.0,0.6950000000000001,0.17325984677363748
Cubic,25.0,0.7050000000000001,0.1661027902606828
Cubic,25.0,0.715,0.15786294935184672
Cubic,25.0,0.725,0.14869700876586237
Cubic,25.0,0.735,0.1420568300206068
Cubic,25.0,0.745,0.13583773667635665
Cubic,25.0,0.755,0.12772714266366983
Cubic,25.0,0.765,0.11970715574509276
Cubic,25.0,0.775,0.11242297795934893
Cubic,25.0,0.785,0.10438123690124625
Cubic,25.0,0.795,0.09703359858991625
Cubic,25.0,0.805,0.0897426707346749
Cubic,25.0,0.8150000000000001,0.08456719341274084
Cubic,25.0,0.8250000000000001,0.07580101561096995
Cubic,25.0,0.835,0.06772598186567207
Cubic,25.0,0.845,0.060512654688497404
Cubic,25.0,0.855,0.05222067256295727
Cubic,25.0,0.865,0.046677695191432465
Cubic,25.0,0.875,0.04231932526130166
Cubic,25.0,0.885,0.036148320448101526
Cubic,25.0,0.895,0.024795797495681872
Cubic,50.0,0.005,1.0
Cubic,50.0,0.015,0.9987213285431316
Cubic,50.0,0.025,0.9960209879760421
Cubic,50.0,0.035,0.9921106041255011
Cubic,50.0,0.045,0.9866345975237029
Cubic,50.0,0.055,0.9796418987922421
Cubic,50.0,0.065,0.9730399094619342
Cubic,50.0,0.07500000000000001,0.9656758428953471
Cubic,50.0,0.08499999999999999,0.9552118355209636
Cubic,50.0,0.095,0.9442471221700443
Cubic,50.0,0.10500000000000001,0.9319470044901182
Cubic,50.0,0.11499999999999999,0.9174472764944576
Cubic,50.0,0.125,0.9030293863895924
Cubic,50.0,0.135,0.8897881488720909
Cubic,50.0,0.14500000000000002,0.8731398375822754
Cubic,50.0,0.155,0.8533202867578845
Cubic,50.0,0.165,0.8335924043835274
Cubic,50.0,0.175,0.8145494254907123
Cubic,50.0,0.185,0.7945530184868275
Cubic,50.0,0.195,0.7746901103385396
Cubic,50.0,0.20500000000000002,0.7556112366700564
Cubic,50.0,0.215,0.7366963919118185
Cubic,50.0,0.225,0.7162720300633503
Cubic,50.0,0.235,0.6961343218350914
Cubic,50.0,0.245,0.6733710650176604
Cubic,50.0,0.255,0.6543284943688666
Cubic,50.0,0.265,0.6345531968672247
Cubic,50.0,0.275,0.6182230961101569
Cubic,50.0,0.28500000000000003,0.6039439148954787
Cubic,50.0,0.295,0.5844280997303495
Cubic,50.0,0.305,0.5698516032042914
Cubic,50.0,0.315,0.5602872841694357
Cubic,50.0,0.325,0.5450744090425444
Cubic,50.0,0.335,0.5321986897510137
Cubic,50.0,0.34500000000000003,0.524627011798991
Cubic,50.0,0.355,0.5179478301985464
Cubic,50.0,0.365,0.5091705578164744
Cubic,50.0,0.375,0.5045550960141453
Cubic,50.0,0.385,0.4921761263648372
Cubic,50.0,0.395,0.4801576119192495
Cubic,50.0,0.405,0.4730404636203817
Cubic,50.0,0.41500000000000004,0.472759666061709
Cubic,50.0,0.425,0.46704167389213663
Cubic,50.0,0.435,0.45205428995457786
Cubic,50.0,0.445,0.44796220252139396
Cubic,50.0,0.455,0.43659260716532355
Cubic,50.0,0.465,0.4291342318575445
Cubic,50.0,0.475,0.4191897502820873
Cubic,50.0,0.485,0.41454294171610173
Cubic,50.0,0.495,0.405098877605174
Cubic,50.0,0.505,0.39909130182894964
Cubic,50.0,0.515,0.3905536354713258
Cubic,50.0,0.525,0.38146624210448776
Cubic,50.0,0.535,0.3694498336115164
Cubic,50.0,0.545,0.36317155678924706
Cubic,50.0,0.555,0.3590400530921031
Cubic,50.0,0.5650000000000001,0.3503457700195427
Cubic,50.0,0.575,0.3431537474303942
Cubic,50.0,0.585,0.33169903055532035
Cubic,50.0,0.595,0.32684774722983223
Cubic,50.0,0.605,0.31575370672920566
Cubic,50.0,0.615,0.3086376012266841
Cubic,50.0,0.625,0.30445339425669926
Cubic,50.0,0.635,0.29686768391555185
Cubic,50.0,0.645,0.2888981814334593
Cubic,50.0,0.655,0.2805024037655193
Cubic,50.0,0.665,0.2743419859407863
Cubic,50.0,0.675,0.2626377581395219
Cubic,50.0,0.685,0.25860136097995107
Cubic,50.0,0.6950000000000001,0.25335864406748465
Cubic,50.0,0.7050000000000001,0.24572070906918236
Cubic,50.0,0.715,0.23868170515196546
Cubic,50.0,0.725,0.23053089146335476
Cubic,50.0,0.735,0.22300660488978039
Cubic,50.0,0.745,0.21412000633154993
Cubic,50.0,0.755,0.21174933327941314
Cubic,50.0,0.765,0.20554343256581578
Cubic,50.0,0.775,0.19715343785642128
Cubic,50.0,0.785,0.19045575305258164
Cubic,50.0,0.795,0.18292132539940786
Cubic,50.0,0.805,0.1753692588624005
Cubic,50.0,0.8150000000000001,0.16741366565719543
Cubic,50.0,0.8250000000000001,0.1644881997473487
Cubic,50.0,0.835,0.15723132835663203
Cubic,50.0,0.845,0.1498406126723108
Cubic,50.0,0.855,0.14376389068390186
Cubic,50.0,0.865,0.13694537303514906
Cubic,50.0,0.875,0.13042118347563617
Cubic,50.0,0.885,0.12357894226697702
Cubic,50.0,0.895,0.11795149368382041
Cubic,75.0,0.005,1.0
Cubic,75.0,0.015,0.9979367949190461
Cubic,75.0,0.025,0.9935878988540005
Cubic,75.0,0.035,0.987311318547287
Cubic,75.0,0.045,0.9785557936501972
Cubic,75.0,0.055,0.9674466677937027
Cubic,75.0,0.065,0.9569558682704506
Cubic,75.0,0.07500000000000001,0.9454649132757668
Cubic,75.0,0.08499999999999999,0.9292189513383816
Cubic,75.0,0.095,0.9123210616353745
Cubic,75.0,0.10500000000000001,0.8936523370643586
Cubic,75.0,0.11499999999999999,0.8719781887084752
Cubic,75.0,0.125,0.85060119803206
Cubic,75.0,0.135,0.8310891644569179
Cubic,75.0,0.14500000000000002,0.8076711446028667
Cubic,75.0,0.155,0.7798036760386127
Cubic,75.0,0.165,0.7532316910036951
Cubic,75.0,0.175,0.7284309220320383
Cubic,75.0,0.185,0.7025087455505549
Cubic,75.0,0.195,0.6763550005206362
Cubic,75.0,0.20500000000000002,0.653576120705954
Cubic,75.0,0.215,0.6335780212579047
Cubic,75.0,0.225,0.6102815471654787
Cubic,75.0,0.235,0.5898407476120247
Cubic,75.0,0.245,0.564032020075192
Cubic,75.0,0.255,0.5473846296082157
Cubic,75.0,0.265,0.5276926793023449
Cubic,75.0,0.275,0.5152360939594011
Cubic,75.0,0.28500000000000003,0.5077865050739621
Cubic,75.0,0.295,0.4890358447539787
Cubic,75.0,0.305,0.47992334679229953
Cubic,75.0,0.315,0.47912625595256436
Cubic,75.0,0.325,0.4651770779689929
Cubic,75.0,0.335,0.455186259116575
Cubic,75.0,0.34500000000000003,0.4547004231675555
Cubic,75.0,0.355,0.45378983812617535
Cubic,75.0,0.365,0.4480701045210993
Cubic,75.0,0.375,0.4469612046616456
Cubic,75.0,0.385,0.43496052914589695
Cubic,75.0,0.395,0.42349181325618956
Cubic,75.0,0.405,0.4154772375643126
Cubic,75.0,0.41500000000000004,0.4193703205621352
Cubic,75.0,0.425,0.4131933809150168
Cubic,75.0,0.435,0.39877734032671236
Cubic,75.0,0.445,0.3935429005465632
Cubic,75.0,0.455,0.38204875444385167
Cubic,75.0,0.465,0.3738054425264343
Cubic,75.0,0.475,0.3626117117038092
Cubic,75.0,0.485,0.3601728467648862
Cubic,75.0,0.495,0.3511945896904471
Cubic,75.0,0.505,0.34396903468061396
Cubic,75.0,0.515,0.33616273919847284
Cubic,75.0,0.525,0.3265642302369946
Cubic,75.0,0.535,0.31554127576025565
Cubic,75.0,0.545,0.30835412074052876
Cubic,75.0,0.555,0.30613545788411717
Cubic,75.0,0.5650000000000001,0.2981857757467961
Cubic,75.0,0.575,0.2914035195270623
Cubic,75.0,0.585,0.281056860049155
Cubic,75.0,0.595,0.277626049976421
Cubic,75.0,0.605,0.26632437474014764
Cubic,75.0,0.615,0.2601135023791833
Cubic,75.0,0.625,0.2588651100589481
Cubic,75.0,0.635,0.2528894848843123
Cubic,75.0,0.645,0.24616992532503934
Cubic,75.0,0.655,0.238990602874669
Cubic,75.0,0.665,0.23489645429171202
Cubic,75.0,0.675,0.2224576534843878
Cubic,75.0,0.685,0.22172142982253304
Cubic,75.0,0.6950000000000001,0.21951314127996913
Cubic,75.0,0.7050000000000001,0.21395650915995462
Cubic,75.0,0.715,0.20888514162434332
Cubic,75.0,0.725,0.20166903186544077
Cubic,75.0,0.735,0.1960487057279395
Cubic,75.0,0.745,0.1875620458415738
Cubic,75.0,0.755,0.19039366728444332
Cubic,75.0,0.765,0.18684935272858347
Cubic,75.0,0.775,0.17922658220863394
Cubic,75.0,0.785,0.17517515144572882
Cubic,75.0,0.795,0.16962375193494453
Cubic,75.0,0.805,0.16452880902084432
Cubic,75.0,0.8150000000000001,0.15630333688123943
Cubic,75.0,0.8250000000000001,0.15750686037714234
Cubic,75.0,0.835,0.1541966230096729
Cubic,75.0,0.845,0.14889906813056394
Cubic,75.0,0.855,0.14640771828502092
Cubic,75.0,0.865,0.14027705654268174
Cubic,75.0,0.875,0.13326583590742366
Cubic,75.0,0.885,0.12851273444169542
Cubic,75.0,0.895,0.13020078652543945
Cubic,100.0,0.005,1.0
Cubic,100.0,0.015,0.9968392157057299
Cubic,100.0,0.025,0.9901883165173061
Cubic,100.0,0.035,0.9806186585607362
Cubic,100.0,0.045,0.967321362464621
Cubic,100.0,0.055,0.9505473555116127
Cubic,100.0,0.065,0.934742406815889
Cubic,100.0,0.07500000000000001,0.9176564448476479
Cubic,100.0,0.08499999999999999,0.8936454064677136
Cubic,100.0,0.095,0.8688764648814749
Cubic,100.0,0.10500000000000001,0.8418782783085426
Cubic,100.0,0.11499999999999999,0.8109715423794398
Cubic,100.0,0.125,0.7808032029871682
Cubic,100.0,0.135,0.7535235912937251
Cubic,100.0,0.14500000000000002,0.721911188512279
Cubic,100.0,0.155,0.6845541924612595
Cubic,100.0,0.165,0.6501753650077366
Cubic,100.0,0.175,0.6190181801767132
Cubic,100.0,0.185,0.586763871128593
Cubic,100.0,0.195,0.5542003449257373
Cubic,100.0,0.20500000000000002,0.5279184597386515
Cubic,100.0,0.215,0.506975283835133
Cubic,100.0,0.225,0.4810230036976821
Cubic,100.0,0.235,0.4601692807159986
Cubic,100.0,0.245,0.4318077681651695
Cubic,100.0,0.255,0.41666817596399425
Cubic,100.0,0.265,0.39674817743019675
Cubic,100.0,0.275,0.3861113357452967
Cubic,100.0,0.28500000000000003,0.38113145483924465
Cubic,100.0,0.295,0.36169405569590984
Cubic,100.0,0.305,0.3529627600234847
Cubic,100.0,0.315,0.3521017725067051
Cubic,100.0,0.325,0.3361588002298276
Cubic,100.0,0.335,0.32428012491697683
Cubic,100.0,0.34500000000000003,0.3205691725877566
Cubic,100.0,0.355,0.3144568437953657
Cubic,100.0,0.365,0.3037658604726454
Cubic,100.0,0.375,0.29555919935850433
Cubic,100.0,0.385,0.2791348574216643
Cubic,100.0,0.395,0.2642156724938059
Cubic,100.0,0.405,0.24958306871622343
Cubic,100.0,0.41500000000000004,0.24935610581087672
Cubic,100.0,0.425,0.23813897736162992
Cubic,100.0,0.435,0.22440347892928902
Cubic,100.0,0.445,0.21454826333468932
Cubic,100.0,0.455,0.2028221443152626
Cubic,100.0,0.465,0.19303080658821414
Cubic,100.0,0.475,0.1821591006219924
Cubic,100.0,0.485,0.1779133134090632
Cubic,100.0,0.495,0.16939997629152895
Cubic,100.0,0.505,0.16158701074100174
Cubic,100.0,0.515,0.15449369613756594
Cubic,100.0,0.525,0.14637904923981698
Cubic,100.0,0.535,0.13785021165120304
Cubic,100.0,0.545,0.13181622077456948
Cubic,100.0,0.555,0.12932377556479005
Cubic,100.0,0.5650000000000001,0.12321310836257447
Cubic,100.0,0.575,0.11812176398752038
Cubic,100.0,0.585,0.11102825288511489
Cubic,100.0,0.595,0.10813015556392357
Cubic,100.0,0.605,0.10186917635907065
Cubic,100.0,0.615,0.09802976080058266
Cubic,100.0,0.625,0.09588535975414407
Cubic,100.0,0.635,0.09195811752936685
Cubic,100.0,0.645,0.08833245527861039
Cubic,100.0,0.655,0.08473755342301807
Cubic,100.0,0.665,0.08228734728501123
Cubic,100.0,0.675,0.07709037011354773
Cubic,100.0,0.685,0.07580254376444233
Cubic,100.0,0.6950000000000001,0.07384104783904988
Cubic,100.0,0.7050000000000001,0.07163724053624049
Cubic,100.0,0.715,0.06892871681956529
Cubic,100.0,0.725,0.06575231808683683
Cubic,100.0,0.735,0.06381131479318536
Cubic,100.0,0.745,0.06146141200332979
Cubic,100.0,0.755,0.06076224202418118
Cubic,100.0,0.765,0.05904665792458661
Cubic,100.0,0.775,0.05658164785808386
Cubic,100.0,0.785,0.055004428519268685
Cubic,100.0,0.795,0.05330332877700288
Cubic,100.0,0.805,0.05193670449282359
Cubic,100.0,0.8150000000000001,0.049896079009303734
Cubic,100.0,0.8250000000000001,0.04863183837255249
Cubic,100.0,0.835,0.04762377448522092
Cubic,100.0,0.845,0.046275255139341616
Cubic,100.0,0.855,0.04502446790779904
Cubic,100.0,0.865,0.04349242317259412
Cubic,100.0,0.875,0.04180659240751021
Cubic,100.0,0.885,0.04063644349961539
Cubic,100.0,0.895,0.04034096324669602
Quartic,-100.0,0.005,1.0
Quartic,-100.0,0.015,0.996742188893959
Quartic,-100.0,0.025,0.9898550392185955
Quartic,-100.0,0.035,0.9798644909516401
Quartic,-100.0,0.045,0.9658388927666941
Quartic,-100.0,0.055,0.9478858829597782
Quartic,-100.0,0.065,0.9308796568429758
Quartic,-100.0,0.07500000000000001,0.9119129355141047
Quartic,-100.0,0.08499999999999999,0.8849029808137651
Quartic,-100.0,0.095,0.8565775176883477
Quartic,-100.0,0.10500000000000001,0.8248358248163599
Quartic,-100.0,0.11499999999999999,0.7875151644929502
Quartic,-100.0,0.125,0.7506301264411707
Quartic,-100.0,0.135,0.717103269190061
Quartic,-100.0,0.14500000000000002,0.6751654854982898
Quartic,-100.0,0.155,0.626294371644517
Quartic,-100.0,0.165,0.5784537232351634
Quartic,-100.0,0.175,0.5333872841642097
Quartic,-100.0,0.185,0.4880816159379885
Quartic,-100.0,0.195,0.44620448394915324
Quartic,-100.0,0.20500000000000002,0.4066699904780337
Quartic,-100.0,0.215,0.3678265846883279
Quartic,-100.0,0.225,0.3310888931834699
Quartic,-100.0,0.235,0.2967410336889332
Quartic,-100.0,0.245,0.2659152453559407
Quartic,-100.0,0.255,0.24069026813330238
Quartic,-100.0,0.265,0.22136294179799468
Quartic,-100.0,0.275,0.20681440908758758
Quartic,-100.0,0.28500000000000003,0.19590239209269583
Quartic,-100.0,0.295,0.18903467755254702
Quartic,-100.0,0.305,0.18536085420242762
Quartic,-100.0,0.315,0.1839572881267309
Quartic,-100.0,0.325,0.18367552540411156
Quartic,-100.0,0.335,0.18336692533009122
Quartic,-100.0,0.34500000000000003,0.1820917235774748
Quartic,-100.0,0.355,0.17886545711427423
Quartic,-100.0,0.365,0.17330883550303308
Quartic,-100.0,0.375,0.16494423672098357
Quartic,-100.0,0.385,0.1534619546914537
Quartic,-100.0,0.395,0.14041463798173395
Quartic,-100.0,0.405,0.12744336646586468
Quartic,-100.0,0.41500000000000004,0.11517050482652338
Quartic,-100.0,0.425,0.10299032576466154
Quartic,-100.0,0.435,0.09329717804490417
Quartic,-100.0,0.445,0.08702561279325706
Quartic,-100.0,0.455,0.08411872883583944
Quartic,-100.0,0.465,0.0840872189713397
Quartic,-100.0,0.475,0.08569032543616376
Quartic,-100.0,0.485,0.08813430494130267
Quartic,-100.0,0.495,0.08968188172345286
Quartic,-100.0,0.505,0.08958332262788303
Quartic,-100.0,0.515,0.08873489418668422
Quartic,-100.0,0.525,0.08740129112900394
Quartic,-100.0,0.535,0.08565223979454135
Quartic,-100.0,0.545,0.08388509109793725
Quartic,-100.0,0.555,0.08185419273736129
Quartic,-100.0,0.5650000000000001,0.07953002560105409
Quartic,-100.0,0.575,0.07710991644764999
Quartic,-100.0,0.585,0.07451019936142034
Quartic,-100.0,0.595,0.0719178004941117
Quartic,-100.0,0.605,0.06945852379725985
Quartic,-100.0,0.615,0.06705064419678364
Quartic,-100.0,0.625,0.06442974952921565
Quartic,-100.0,0.635,0.06181170815272833
Quartic,-100.0,0.645,0.05927967755072739
Quartic,-100.0,0.655,0.056838279350515074
Quartic,-100.0,0.665,0.05446938169956402
Quartic,-100.0,0.675,0.052044898524379254
Quartic,-100.0,0.685,0.04967664725462086
Quartic,-100.0,0.6950000000000001,0.04734103886043113
Quartic,-100.0,0.7050000000000001,0.04505645398239196
Quartic,-100.0,0.715,0.04272427203766109
Quartic,-100.0,0.725,0.04050234252923958
Quartic,-100.0,0.735,0.03827903048051772
Quartic,-100.0,0.745,0.0361454732058518
Quartic,-100.0,0.755,0.03418208035686402
Quartic,-100.0,0.765,0.032116737316189595
Quartic,-100.0,0.775,0.02987693474718688
Quartic,-100.0,0.785,0.027687202836896876
Quartic,-100.0,0.795,0.02547890637234517
Quartic,-100.0,0.805,0.02322462230921829
Quartic,-100.0,0.8150000000000001,0.02122201595415264
Quartic,-100.0,0.8250000000000001,0.01908639316978269
Quartic,-100.0,0.835,0.01681235557582975
Quartic,-100.0,0.845,0.014453520247098775
Quartic,-100.0,0.855,0.012174815885217303
Quartic,-100.0,0.865,0.009960407226289708
Quartic,-100.0,0.875,0.007683081990994142
Quartic,-100.0,0.885,0.005339801869233642
Quartic,-100.0,0.895,0.0029789156162249126
Quartic,-75.0,0.005,1.0
Quartic,-75.0,0.015,0.9978216591948933
Quartic,-75.0,0.025,0.9932081160441696
Quartic,-75.0,0.035,0.9864940787206908
Quartic,-75.0,0.045,0.9770237143628006
Quartic,-75.0,0.055,0.9648282576686824
Quartic,-75.0,0.065,0.9531991466015137
Quartic,-75.0,0.07500000000000001,0.9401346988506888
Quartic,-75.0,0.08499999999999999,0.9213624726914269
Quartic,-75.0,0.095,0.9014514178010712
Quartic,-75.0,0.10500000000000001,0.8788479002065748
Quartic,-75.0,0.11499999999999999,0.8518742982439242
Quartic,-75.0,0.125,0.8247636540661383
Quartic,-75.0,0.135,0.7997105863645265
Quartic,-75.0,0.14500000000000002,0.7677534467661814
Quartic,-75.0,0.155,0.7295822487114882
Quartic,-75.0,0.165,0.6911651967151544
Quartic,-75.0,0.175,0.6538143633700404
Quartic,-75.0,0.185,0.6149911450810063
Quartic,-75.0,0.195,0.5777189962543855
Quartic,-75.0,0.20500000000000002,0.5411532968372857
Quartic,-75.0,0.215,0.5035850513757022
Quartic,-75.0,0.225,0.4660691838579726
Quartic,-75.0,0.235,0.42865327505308287
Quartic,-75.0,0.245,0.3923196767418818
Quartic,-75.0,0.255,0.35972107881098286
Quartic,-75.0,0.265,0.3317755907712383
Quartic,-75.0,0.275,0.3078068031340447
Quartic,-75.0,0.28500000000000003,0.2863377501876063
Quartic,-75.0,0.295,0.26897302612896157
Quartic,-75.0,0.305,0.2555178065829254
Quartic,-75.0,0.315,0.24585645044852356
Quartic,-75.0,0.325,0.2401935470806761
Quartic,-75.0,0.335,0.23666520331690521
Quartic,-75.0,0.34500000000000003,0.23437146472446138
Quartic,-75.0,0.355,0.2329968855861117
Quartic,-75.0,0.365,0.2315907231992719
Quartic,-75.0,0.375,0.22913527421159938
Quartic,-75.0,0.385,0.22456582264213656
Quartic,-75.0,0.395,0.217707271541852
Quartic,-75.0,0.405,0.20905441628819657
Quartic,-75.0,0.41500000000000004,0.19878371340856277
Quartic,-75.0,0.425,0.18566058688894685
Quartic,-75.0,0.435,0.1713743949511585
Quartic,-75.0,0.445,0.15758782666518822
Quartic,-75.0,0.455,0.1448913835337982
Quartic,-75.0,0.465,0.134906237592763
Quartic,-75.0,0.475,0.12797169489795118
Quartic,-75.0,0.485,0.12338499073178774
Quartic,-75.0,0.495,0.12153900438438917
Quartic,-75.0,0.505,0.12039660424850701
Quartic,-75.0,0.515,0.11842527594675065
Quartic,-75.0,0.525,0.11624901819576493
Quartic,-75.0,0.535,0.11408397043422552
Quartic,-75.0,0.545,0.11206614845766193
Quartic,-75.0,0.555,0.11017480089144928
Quartic,-75.0,0.5650000000000001,0.10810456471415883
Quartic,-75.0,0.575,0.1060763725842584
Quartic,-75.0,0.585,0.10397266571158909
Quartic,-75.0,0.595,0.10200658634688002
Quartic,-75.0,0.605,0.1000932409457237
Quartic,-75.0,0.615,0.09827474254283326
Quartic,-75.0,0.625,0.09630569530542321
Quartic,-75.0,0.635,0.09423950808582358
Quartic,-75.0,0.645,0.09224983482048715
Quartic,-75.0,0.655,0.09026013468233819
Quartic,-75.0,0.665,0.08830818802884319
Quartic,-75.0,0.675,0.08626648897736244
Quartic,-75.0,0.685,0.08417960334174053
Quartic,-75.0,0.6950000000000001,0.08202374841635901
Quartic,-75.0,0.7050000000000001,0.07990259681568689
Quartic,-75.0,0.715,0.07768921018952406
Quartic,-75.0,0.725,0.07542893475972726
Quartic,-75.0,0.735,0.07321905807599523
Quartic,-75.0,0.745,0.071086113290698
Quartic,-75.0,0.755,0.06890954985977503
Quartic,-75.0,0.765,0.06665756915953842
Quartic,-75.0,0.775,0.06423029903021953
Quartic,-75.0,0.785,0.061782783262997326
Quartic,-75.0,0.795,0.05929158440663513
Quartic,-75.0,0.805,0.05677037539125581
Quartic,-75.0,0.8150000000000001,0.05446980243085952
Quartic,-75.0,0.8250000000000001,0.05199581058790154
Quartic,-75.0,0.835,0.0493927233070331
Quartic,-75.0,0.845,0.046722174783811216
Quartic,-75.0,0.855,0.044091429026718434
Quartic,-75.0,0.865,0.041587493653710644
Quartic,-75.0,0.875,0.03897803534725449
Quartic,-75.0,0.885,0.03641667414832639
Quartic,-75.0,0.895,0.03371984784342202
Quartic,-50.0,0.005,1.0
Quartic,-50.0,0.015,0.998682739060549
Quartic,-50.0,0.025,0.9958872509453873
Quartic,-50.0,0.035,0.9918046012721351
Quartic,-50.0,0.045,0.9860162288665787
Quartic,-50.0,0.055,0.9785137522175533
Quartic,-50.0,0.065,0.9713090901311328
Quartic,-50.0,0.07500000000000001,0.963152917769126
Quartic,-50.0,0.08499999999999999,0.9513238071980707
Quartic,-50.0,0.095,0.9386307265880884
Quartic,-50.0,0.10500000000000001,0.9240320071757366
Quartic,-50.0,0.11499999999999999,0.9063530633654437
Quartic,-50.0,0.125,0.8882914907112892
Quartic,-50.0,0.135,0.8713348080232911
Quartic,-50.0,0.14500000000000002,0.8493028456005612
Quartic,-50.0,0.155,0.8223792885126142
Quartic,-50.0,0.165,0.7945924271956959
Quartic,-50.0,0.175,0.7668082895327215
Quartic,-50.0,0.185,0.737078262534081
Quartic,-50.0,0.195,0.7075994511114213
Quartic,-50.0,0.20500000000000002,0.6777375802422582
Quartic,-50.0,0.215,0.6459224221268339
Quartic,-50.0,0.225,0.6127606109055014
Quartic,-50.0,0.235,0.5780130677903507
Quartic,-50.0,0.245,0.5422619493831369
Quartic,-50.0,0.255,0.5080557642254996
Quartic,-50.0,0.265,0.47649103989932545
Quartic,-50.0,0.275,0.4471794272053897
Quartic,-50.0,0.28500000000000003,0.4182284718277552
Quartic,-50.0,0.295,0.39180301781331345
Quartic,-50.0,0.305,0.3680828348611419
Quartic,-50.0,0.315,0.3475913343927328
Quartic,-50.0,0.325,0.3324948601169254
Quartic,-50.0,0.335,0.32025830067205235
Quartic,-50.0,0.34500000000000003,0.3093887215233014
Quartic,-50.0,0.355,0.3014117795397248
Quartic,-50.0,0.365,0.296223501104295
Quartic,-50.0,0.375,0.2926170208641226
Quartic,-50.0,0.385,0.28975291259520125
Quartic,-50.0,0.395,0.28694592060591084
Quartic,-50.0,0.405,0.2835894601767325
Quartic,-50.0,0.41500000000000004,0.2791376181663308
Quartic,-50.0,0.425,0.2722657568513937
Quartic,-50.0,0.435,0.26287772499597933
Quartic,-50.0,0.445,0.25151970084922853
Quartic,-50.0,0.455,0.23803673791192953
Quartic,-50.0,0.465,0.22403748961503098
Quartic,-50.0,0.475,0.21056896619850257
Quartic,-50.0,0.485,0.19629976665319043
Quartic,-50.0,0.495,0.18343500584675373
Quartic,-50.0,0.505,0.1729515654398763
Quartic,-50.0,0.515,0.16355896588733007
Quartic,-50.0,0.525,0.1548490900904367
Quartic,-50.0,0.535,0.14683514130207828
Quartic,-50.0,0.545,0.13967035300684144
Quartic,-50.0,0.555,0.1327403697014067
Quartic,-50.0,0.5650000000000001,0.12601854574204482
Quartic,-50.0,0.575,0.11959121975555294
Quartic,-50.0,0.585,0.11338508581488721
Quartic,-50.0,0.595,0.1077313395867476
Quartic,-50.0,0.605,0.10248743453101916
Quartic,-50.0,0.615,0.09765271885829434
Quartic,-50.0,0.625,0.0928551885704993
Quartic,-50.0,0.635,0.08806020284053304
Quartic,-50.0,0.645,0.08359574233097372
Quartic,-50.0,0.655,0.07932876930329469
Quartic,-50.0,0.665,0.07533240247205193
Quartic,-50.0,0.675,0.0713555699317183
Quartic,-50.0,0.685,0.06750125925538081
Quartic,-50.0,0.6950000000000001,0.06366847599608291
Quartic,-50.0,0.7050000000000001,0.060000617011376434
Quartic,-50.0,0.715,0.056396431926101095
Quartic,-50.0,0.725,0.052791064386174404
Quartic,-50.0,0.735,0.049467259570982774
Quartic,-50.0,0.745,0.046365698788687564
Quartic,-50.0,0.755,0.043210049778773144
Quartic,-50.0,0.765,0.04006230974294531
Quartic,-50.0,0.775,0.036821797471273565
Quartic,-50.0,0.785,0.033620249356594085
Quartic,-50.0,0.795,0.030447357612715418
Quartic,-50.0,0.805,0.027360966805278605
Quartic,-50.0,0.8150000000000001,0.02448706672771197
Quartic,-50.0,0.8250000000000001,0.021694964049666327
Quartic,-50.0,0.835,0.018692712362950885
Quartic,-50.0,0.845,0.015681547493705164
Quartic,-50.0,0.855,0.012791721076057385
Quartic,-50.0,0.865,0.010051706189228456
Quartic,-50.0,0.875,0.007232770723708369
Quartic,-50.0,0.885,0.004549077811594637
Quartic,-50.0,0.895,0.0018573709468440512
Quartic,-25.0,0.005,1.0
Quartic,-25.0,0.015,0.9993249884130009
Quartic,-25.0,0.025,0.9978885636681055
Quartic,-25.0,0.035,0.9957807802992353
Quartic,-25.0,0.045,0.9927719766721129
Quartic,-25.0,0.055,0.9888390954477194
Quartic,-25.0,0.065,0.9850281749150097
Quartic,-25.0,0.07500000000000001,0.9806721970740906
Quartic,-25.0,0.08499999999999999,0.9742819723767626
Quartic,-25.0,0.095,0.9673289438509245
Quartic,-25.0,0.10500000000000001,0.9592090936222191
Quartic,-25.0,0.11499999999999999,0.9492102354748653
Quartic,-25.0,0.125,0.9388084698728126
Quartic,-25.0,0.135,0.9288751219164071
Quartic,-25.0,0.14500000000000002,0.9157155272297568
Quartic,-25.0,0.155,0.8992539622361976
Quartic,-25.0,0.165,0.8818337412639519
Quartic,-25.0,0.175,0.8639357289197026
Quartic,-25.0,0.185,0.8442527891514253
Quartic,-25.0,0.195,0.8241484950671724
Quartic,-25.0,0.20500000000000002,0.8031886276655809
Quartic,-25.0,0.215,0.780137226525437
Quartic,-25.0,0.225,0.7552183898411009
Quartic,-25.0,0.235,0.7280184862271099
Quartic,-25.0,0.245,0.6987051590346262
Quartic,-25.0,0.255,0.6692264050231838
Quartic,-25.0,0.265,0.6404920888087083
Quartic,-25.0,0.275,0.6122535280052013
Quartic,-25.0,0.28500000000000003,0.5824515075879304
Quartic,-25.0,0.295,0.553064348724214
Quartic,-25.0,0.305,0.5242718437255647
Quartic,-25.0,0.315,0.49676321091588516
Quartic,-25.0,0.325,0.47406175407151546
Quartic,-25.0,0.335,0.4532696653685961
Quartic,-25.0,0.34500000000000003,0.431914088786921
Quartic,-25.0,0.355,0.4130868894165841
Quartic,-25.0,0.365,0.398070111744084
Quartic,-25.0,0.375,0.38553506450753816
Quartic,-25.0,0.385,0.3752691347200498
Quartic,-25.0,0.395,0.36762187046939293
Quartic,-25.0,0.405,0.3620516981380836
Quartic,-25.0,0.41500000000000004,0.3576635365569092
Quartic,-25.0,0.425,0.35339829047545185
Quartic,-25.0,0.435,0.348844400684425
Quartic,-25.0,0.445,0.343486474003587
Quartic,-25.0,0.455,0.3364380048255169
Quartic,-25.0,0.465,0.3278348010588737
Quartic,-25.0,0.475,0.3178647124572029
Quartic,-25.0,0.485,0.30475270486676864
Quartic,-25.0,0.495,0.2896273493913101
Quartic,-25.0,0.505,0.27539340007281027
Quartic,-25.0,0.515,0.2628071197705704
Quartic,-25.0,0.525,0.2508684672882632
Quartic,-25.0,0.535,0.23942147417064677
Quartic,-25.0,0.545,0.22893631443904294
Quartic,-25.0,0.555,0.21823602161609024
Quartic,-25.0,0.5650000000000001,0.20765404810289667
Quartic,-25.0,0.575,0.1972043427592055
Quartic,-25.0,0.585,0.18687421590547892
Quartic,-25.0,0.595,0.17708839271090096
Quartic,-25.0,0.605,0.167917289055491
Quartic,-25.0,0.615,0.15920734661732702
Quartic,-25.0,0.625,0.15039403427323533
Quartic,-25.0,0.635,0.14154059021641086
Quartic,-25.0,0.645,0.13311668767106838
Quartic,-25.0,0.655,0.12502660953068148
Quartic,-25.0,0.665,0.11732174804142333
Quartic,-25.0,0.675,0.1096483680142196
Quartic,-25.0,0.685,0.10214811659330521
Quartic,-25.0,0.6950000000000001,0.094734282861524
Quartic,-25.0,0.7050000000000001,0.08755610558577727
Quartic,-25.0,0.715,0.08052903067070208
Quartic,-25.0,0.725,0.07366595145755048
Quartic,-25.0,0.735,0.06723042162621952
Quartic,-25.0,0.745,0.06130058093071048
Quartic,-25.0,0.755,0.055311707508708764
Quartic,-25.0,0.765,0.049408960502137465
Quartic,-25.0,0.775,0.04346482672859799
Quartic,-25.0,0.785,0.037619983628528406
Quartic,-25.0,0.795,0.03195363707104287
Quartic,-25.0,0.805,0.026505076545832378
Quartic,-25.0,0.8150000000000001,0.02159871732527093
Quartic,-25.0,0.8250000000000001,0.01685385060074258
Quartic,-25.0,0.835,0.011830685764962393
Quartic,-25.0,0.845,0.00692412264673887
Quartic,-25.0,0.855,0.0023248880406978056
Quartic,-25.0,0.865,-0.0019412337637125937
Quartic,-25.0,0.875,-0.006183550559407536
Quartic,-25.0,0.885,-0.010266423392538956
Quartic,-25.0,0.895,-0.014158774126713815
Quartic,0.0,0.005,1.0
Quartic,0.0,0.015,0.9997480740043838
Quartic,0.0,0.025,0.9992091101970701
Quartic,0.0,0.035,0.9984109875381734
Quartic,0.0,0.045,0.9972569611100637
Quartic,0.0,0.055,0.9957248620194724
Quartic,0.0,0.065,0.9942161827298073
Quartic,0.0,0.07500000000000001,0.9924626169353227
Quartic,0.0,0.08499999999999999,0.9898402531634847
Quartic,0.0,0.095,0.9869219629625203
Quartic,0.0,0.10500000000000001,0.9834322431266667
Quartic,0.0,0.11499999999999999,0.9790267873947273
Quartic,0.0,0.125,0.9743242909127645
Quartic,0.0,0.135,0.9697278246339108
Quartic,0.0,0.14500000000000002,0.9634812168152725
Quartic,0.0,0.155,0.9554344026842705
Quartic,0.0,0.165,0.946658739933079
Quartic,0.0,0.175,0.9373561376215672
Quartic,0.0,0.185,0.9268115606470033
Quartic,0.0,0.195,0.9156957251023954
Quartic,0.0,0.20500000000000002,0.9037588404211555
Quartic,0.0,0.215,0.8902096566277619
Quartic,0.0,0.225,0.8750407067067495
Quartic,0.0,0.235,0.8578414949525843
Quartic,0.0,0.245,0.8385173403064095
Quartic,0.0,0.255,0.8182255470776418
Quartic,0.0,0.265,0.7975168725538088
Quartic,0.0,0.275,0.7762104228507176
Quartic,0.0,0.28500000000000003,0.7525310294578557
Quartic,0.0,0.295,0.7277872162259571
Quartic,0.0,0.305,0.7019678843475735
Quartic,0.0,0.315,0.6755375525664163
Quartic,0.0,0.325,0.6520509527735738
Quartic,0.0,0.335,0.6288339754377025
Quartic,0.0,0.34500000000000003,0.6028395654081308
Quartic,0.0,0.355,0.5773991496360694
Quartic,0.0,0.365,0.5545643215939878
Quartic,0.0,0.375,0.5328564365043622
Quartic,0.0,0.385,0.5123215063263327
Quartic,0.0,0.395,0.49461989145204993
Quartic,0.0,0.405,0.4800932617400255
Quartic,0.0,0.41500000000000004,0.4678954051490138
Quartic,0.0,0.425,0.4567470277597173
Quartic,0.0,0.435,0.44764276036942163
Quartic,0.0,0.445,0.4402731216893367
Quartic,0.0,0.455,0.4339917927420972
Quartic,0.0,0.465,0.4284514237206947
Quartic,0.0,0.475,0.42313166542734565
Quartic,0.0,0.485,0.41644874087673106
Quartic,0.0,0.495,0.40824277804625897
Quartic,0.0,0.505,0.39918236871344687
Quartic,0.0,0.515,0.38987060233458487
Quartic,0.0,0.525,0.3802587858016301
Quartic,0.0,0.535,0.37044935988607774
Quartic,0.0,0.545,0.36110624268574115
Quartic,0.0,0.555,0.35122258069563433
Quartic,0.0,0.5650000000000001,0.34103568394410405
Quartic,0.0,0.575,0.3306914016886284
Quartic,0.0,0.585,0.32015382627432376
Quartic,0.0,0.595,0.309894557766758
Quartic,0.0,0.605,0.3000806620827598
Quartic,0.0,0.615,0.29056795326025825
Quartic,0.0,0.625,0.28070506654670035
Quartic,0.0,0.635,0.2706107998763834
Quartic,0.0,0.645,0.26082786650034323
Quartic,0.0,0.655,0.25128509448176756
Quartic,0.0,0.665,0.24204100675167228
Quartic,0.0,0.675,0.23263262819393551
Quartic,0.0,0.685,0.2233500060709221
Quartic,0.0,0.6950000000000001,0.2140647839313476
Quartic,0.0,0.7050000000000001,0.20491971560661523
Quartic,0.0,0.715,0.1958161682051111
Quartic,0.0,0.725,0.18686683661444464
Quartic,0.0,0.735,0.17830587568299805
Quartic,0.0,0.745,0.17036959622579897
Quartic,0.0,0.755,0.16230694706218035
Quartic,0.0,0.765,0.15424692919335967
Quartic,0.0,0.775,0.14606466862863515
Quartic,0.0,0.785,0.1379209946128133
Quartic,0.0,0.795,0.13000063245141313
Quartic,0.0,0.805,0.12228717127216755
Quartic,0.0,0.8150000000000001,0.11544668614396654
Quartic,0.0,0.8250000000000001,0.10848693036650477
Quartic,0.0,0.835,0.10128819060854811
Quartic,0.0,0.845,0.09417871234554905
Quartic,0.0,0.855,0.08745828494566428
Quartic,0.0,0.865,0.08123172756496563
Quartic,0.0,0.875,0.07500986934007384
Quartic,0.0,0.885,0.0689495449250321
Quartic,0.0,0.895,0.06311818421023942
Quartic,25.0,0.005,1.0
Quartic,25.0,0.015,0.9999517696450574
Quartic,25.0,0.025,0.9998468880990338
Quartic,25.0,0.035,0.9996872867444759
Quartic,25.0,0.045,0.9994478618951446
Quartic,25.0,0.055,0.9991162339941567
Quartic,25.0,0.065,0.9987757745813914
Quartic,25.0,0.07500000000000001,0.9983635081857497
Quartic,25.0,0.08499999999999999,0.9977188238897412
Quartic,25.0,0.095,0.9969651347981866
Quartic,25.0,0.10500000000000001,0.9960188951308881
Quartic,25.0,0.11499999999999999,0.9947655225541353
Quartic,25.0,0.125,0.9933633902781954
Quartic,25.0,0.135,0.9919367428722718
Quartic,25.0,0.14500000000000002,0.9899154470079403
Quartic,25.0,0.155,0.9871899580448348
Quartic,25.0,0.165,0.9840832418531451
Quartic,25.0,0.175,0.980643114546646
Quartic,25.0,0.185,0.9765831983964478
Quartic,25.0,0.195,0.9721273487626402
Quartic,25.0,0.20500000000000002,0.9671665863477039
Quartic,25.0,0.215,0.9613231676384526
Quartic,25.0,0.225,0.9545157704199901
Quartic,25.0,0.235,0.9464709820024579
Quartic,25.0,0.245,0.9370273090225477
Quartic,25.0,0.255,0.9266691409907375
Quartic,25.0,0.265,0.9156138754917499
Quartic,25.0,0.275,0.9037387897712267
Quartic,25.0,0.28500000000000003,0.8899067595668828
Quartic,25.0,0.295,0.8746965308706242
Quartic,25.0,0.305,0.8579566285580585
Quartic,25.0,0.315,0.8398296650434464
Quartic,25.0,0.325,0.8227557860211313
Quartic,25.0,0.335,0.8048689228395752
Quartic,25.0,0.34500000000000003,0.7835354171925544
Quartic,25.0,0.355,0.7610616789132705
Quartic,25.0,0.365,0.7392034469561082
Quartic,25.0,0.375,0.7165543568160413
Quartic,25.0,0.385,0.6929595542233337
Quartic,25.0,0.395,0.6703802816265152
Quartic,25.0,0.405,0.649779177399686
Quartic,25.0,0.41500000000000004,0.630491510226903
Quartic,25.0,0.425,0.6105838857689864
Quartic,25.0,0.435,0.5922419809808842
Quartic,25.0,0.445,0.5758966214764639
Quartic,25.0,0.455,0.5614356440316367
Quartic,25.0,0.465,0.5494259168753358
Quartic,25.0,0.475,0.5397779894650021
Quartic,25.0,0.485,0.5306407012292673
Quartic,25.0,0.495,0.5227497997200545
Quartic,25.0,0.505,0.5147419031846151
Quartic,25.0,0.515,0.5053900944723793
Quartic,25.0,0.525,0.49536714786531
Quartic,25.0,0.535,0.4850744118058821
Quartic,25.0,0.545,0.4751045410361602
Quartic,25.0,0.555,0.4646248847629216
Quartic,25.0,0.5650000000000001,0.45367842233102984
Quartic,25.0,0.575,0.44251281983428553
Quartic,25.0,0.585,0.4310599671509757
Quartic,25.0,0.595,0.41984651609673135
Quartic,25.0,0.605,0.4090298290939057
Quartic,25.0,0.615,0.39849631637700594
Quartic,25.0,0.625,0.38746667711909477
Quartic,25.0,0.635,0.37604883134147643
Quartic,25.0,0.645,0.3649138791214301
Quartic,25.0,0.655,0.35393316574999223
Quartic,25.0,0.665,0.34322192261668844
Quartic,25.0,0.675,0.3321417604029392
Quartic,25.0,0.685,0.3211627168447532
Quartic,25.0,0.6950000000000001,0.31006516248297833
Quartic,25.0,0.7050000000000001,0.29901656358799994
Quartic,25.0,0.715,0.2878831437651413
Quartic,25.0,0.725,0.27677641144936754
Quartic,25.0,0.735,0.26605654646686966
Quartic,25.0,0.745,0.25601011367863913
Quartic,25.0,0.755,0.24579612250395233
Quartic,25.0,0.765,0.23541197575913098
Quartic,25.0,0.775,0.22470761867258005
Quartic,25.0,0.785,0.21397241524635102
Quartic,25.0,0.795,0.203411958768715
Quartic,25.0,0.805,0.19301646907569395
Quartic,25.0,0.8150000000000001,0.18373000649506815
Quartic,25.0,0.8250000000000001,0.17410656699008417
Quartic,25.0,0.835,0.16416610632127432
Quartic,25.0,0.845,0.15418264193053147
Quartic,25.0,0.855,0.1446606076483622
Quartic,25.0,0.865,0.1357449228444268
Quartic,25.0,0.875,0.12669846932210838
Quartic,25.0,0.885,0.11789526374096097
Quartic,25.0,0.895,0.10930626346584978
Quartic,50.0,0.005,1.0
Quartic,50.0,0.015,0.9999359563610029
Quartic,50.0,0.025,0.9998008402176438
Quartic,50.0,0.035,0.9996054628417357
Quartic,50.0,0.045,0.9993321842812607
Quartic,50.0,0.055,0.9989835369747582
Quartic,50.0,0.065,0.9986537560565611
Quartic,50.0,0.07500000000000001,0.998286150032489
Quartic,50.0,0.08499999999999999,0.9977609562564702
Quartic,50.0,0.095,0.9972057425612137
Quartic,50.0,0.10500000000000001,0.9965747280453334
Quartic,50.0,0.11499999999999999,0.995816006343298
Quartic,50.0,0.125,0.9950414550363631
Quartic,50.0,0.135,0.9943102818639351
Quartic,50.0,0.14500000000000002,0.9933486199570439
Quartic,50.0,0.155,0.9921424148089021
Quartic,50.0,0.165,0.9908511845516969
Quartic,50.0,0.175,0.9894933026054998
Quartic,50.0,0.185,0.9879493185394719
Quartic,50.0,0.195,0.9863002750956514
Quartic,50.0,0.20500000000000002,0.9844972587004768
Quartic,50.0,0.215,0.9823961367845954
Quartic,50.0,0.225,0.9799515519714046
Quartic,50.0,0.235,0.9770482154008742
Quartic,50.0,0.245,0.9735903574220627
Quartic,50.0,0.255,0.9697265650367782
Quartic,50.0,0.265,0.9654940971188511
Quartic,50.0,0.275,0.960820671801535
Quartic,50.0,0.28500000000000003,0.9551919053659654
Quartic,50.0,0.295,0.9487480746103116
Quartic,50.0,0.305,0.9413489951693085
Quartic,50.0,0.315,0.9329595110776113
Quartic,50.0,0.325,0.9246581505778082
Quartic,50.0,0.335,0.915529630523375
Quartic,50.0,0.34500000000000003,0.904059804987325
Quartic,50.0,0.355,0.8912274070752877
Quartic,50.0,0.365,0.8779147857374792
Quartic,50.0,0.375,0.8631568211017391
Quartic,50.0,0.385,0.8465919272206209
Quartic,50.0,0.395,0.8294385709843152
Quartic,50.0,0.405,0.8125047083531847
Quartic,50.0,0.41500000000000004,0.7953256105114314
Quartic,50.0,0.425,0.7758644990001706
Quartic,50.0,0.435,0.7559577603637263
Quartic,50.0,0.445,0.7362140732471872
Quartic,50.0,0.455,0.7165569497950494
Quartic,50.0,0.465,0.6982226038057565
Quartic,50.0,0.475,0.6817564656232427
Quartic,50.0,0.485,0.6645043489753951
Quartic,50.0,0.495,0.6484839521604504
Quartic,50.0,0.505,0.6340558046225376
Quartic,50.0,0.515,0.6200770236372932
Quartic,50.0,0.525,0.6062943059804881
Quartic,50.0,0.535,0.5929067773078553
Quartic,50.0,0.545,0.580302744944414
Quartic,50.0,0.555,0.5673635110979258
Quartic,50.0,0.5650000000000001,0.5542996255625925
Quartic,50.0,0.575,0.5411919176743568
Quartic,50.0,0.585,0.5280315130733195
Quartic,50.0,0.595,0.5152619551675368
Quartic,50.0,0.605,0.503136166896516
Quartic,50.0,0.615,0.4913876218357957
Quartic,50.0,0.625,0.47917315474417327
Quartic,50.0,0.635,0.4666426342126295
Quartic,50.0,0.645,0.45448282940723406
Quartic,50.0,0.655,0.44252919285393805
Quartic,50.0,0.665,0.4308843720549293
Quartic,50.0,0.675,0.41894005549054214
Quartic,50.0,0.685,0.40700956797162535
Quartic,50.0,0.6950000000000001,0.3949598021158759
Quartic,50.0,0.7050000000000001,0.3829667230784032
Quartic,50.0,0.715,0.370877123145214
Quartic,50.0,0.725,0.3587696270627675
Quartic,50.0,0.735,0.3470379192726899
Quartic,50.0,0.745,0.33596309633970284
Quartic,50.0,0.755,0.3246763781735931
Quartic,50.0,0.765,0.31315620306065123
Quartic,50.0,0.775,0.3011600170317778
Quartic,50.0,0.785,0.28908058434281025
Quartic,50.0,0.795,0.2770532355938286
Quartic,50.0,0.805,0.26512996768238606
Quartic,50.0,0.8150000000000001,0.25430167823191324
Quartic,50.0,0.8250000000000001,0.2431656434625582
Quartic,50.0,0.835,0.23139782461335673
Quartic,50.0,0.845,0.21947191265125887
Quartic,50.0,0.855,0.20797653937932173
Quartic,50.0,0.865,0.19706601978703178
Quartic,50.0,0.875,0.18585435358884098
Quartic,50.0,0.885,0.1748310533539327
Quartic,50.0,0.895,0.16389478894070517
Quartic,75.0,0.005,1.0
Quartic,75.0,0.015,0.9997006224803212
Quartic,75.0,0.025,0.9990708567125063
Quartic,75.0,0.035,0.9981650381234486
Quartic,75.0,0.045,0.996908342852811
Quartic,75.0,0.055,0.9953225449243437
Quartic,75.0,0.065,0.9938418046597258
Quartic,75.0,0.07500000000000001,0.9922153392415439
Quartic,75.0,0.08499999999999999,0.989936687914031
Quartic,75.0,0.095,0.9875904937355967
Quartic,75.0,0.10500000000000001,0.9850082626030743
Quartic,75.0,0.11499999999999999,0.9820225976538631
Quartic,75.0,0.125,0.97911409683379
Quartic,75.0,0.135,0.976497191638346
Quartic,75.0,0.14500000000000002,0.9732511508670092
Quartic,75.0,0.155,0.9694775261219472
Quartic,75.0,0.165,0.965770831154431
Quartic,75.0,0.175,0.9622344174143381
Quartic,75.0,0.185,0.9585978221526286
Quartic,75.0,0.195,0.9551167905915292
Quartic,75.0,0.20500000000000002,0.9516927884562815
Quartic,75.0,0.215,0.9481335557258107
Quartic,75.0,0.225,0.9444785871451036
Quartic,75.0,0.235,0.9406792448617399
Quartic,75.0,0.245,0.9367361131693998
Quartic,75.0,0.255,0.9328906908610203
Quartic,75.0,0.265,0.9291896075057622
Quartic,75.0,0.275,0.9255584165676591
Quartic,75.0,0.28500000000000003,0.9216647003404528
Quartic,75.0,0.295,0.9176544076781825
Quartic,75.0,0.305,0.9134775144347882
Quartic,75.0,0.315,0.909117606888294
Quartic,75.0,0.325,0.9050551874335729
Quartic,75.0,0.335,0.9007885193588429
Quartic,75.0,0.34500000000000003,0.89560771573983
Quartic,75.0,0.355,0.8899189807248548
Quartic,75.0,0.365,0.8840298834192609
Quartic,75.0,0.375,0.8774314473251064
Quartic,75.0,0.385,0.8698171345924043
Quartic,75.0,0.395,0.8616282817638876
Quartic,75.0,0.405,0.8531766819518035
Quartic,75.0,0.41500000000000004,0.8441726275395527
Quartic,75.0,0.425,0.8332977390303422
Quartic,75.0,0.435,0.8212963079240992
Quartic,75.0,0.445,0.8084362768645348
Quartic,75.0,0.455,0.7944139175955771
Quartic,75.0,0.465,0.7800668391702957
Quartic,75.0,0.475,0.7658560223682573
Quartic,75.0,0.485,0.7492948997564969
Quartic,75.0,0.495,0.7319465052319559
Quartic,75.0,0.505,0.7162501767637282
Quartic,75.0,0.515,0.7026883828124608
Quartic,75.0,0.525,0.6900635318445255
Quartic,75.0,0.535,0.6782144032727777
Quartic,75.0,0.545,0.6673624355312416
Quartic,75.0,0.555,0.6563602215216761
Quartic,75.0,0.5650000000000001,0.6456053482474452
Quartic,75.0,0.575,0.6349830334099558
Quartic,75.0,0.585,0.6245582646850115
Quartic,75.0,0.595,0.6145387830615732
Quartic,75.0,0.605,0.6052194327699745
Quartic,75.0,0.615,0.5962518256160861
Quartic,75.0,0.625,0.5870414611848753
Quartic,75.0,0.635,0.5777430215097316
Quartic,75.0,0.645,0.5687863003398869
Quartic,75.0,0.655,0.5600659069887429
Quartic,75.0,0.665,0.5516040209610331
Quartic,75.0,0.675,0.5430677905229335
Quartic,75.0,0.685,0.5344829778797813
Quartic,75.0,0.6950000000000001,0.5258607956867211
Quartic,75.0,0.7050000000000001,0.5173048505077433
Quartic,75.0,0.715,0.5087105089689088
Quartic,75.0,0.725,0.5001246787362961
Quartic,75.0,0.735,0.4917630219061133
Quartic,75.0,0.745,0.4838176531336545
Quartic,75.0,0.755,0.47570088542079375
Quartic,75.0,0.765,0.46740416504278254
Quartic,75.0,0.775,0.45868967079065676
Quartic,75.0,0.785,0.44986242003094246
Quartic,75.0,0.795,0.44095720370758734
Quartic,75.0,0.805,0.4320488526195826
Quartic,75.0,0.8150000000000001,0.42380030809799096
Quartic,75.0,0.8250000000000001,0.41541102467243146
Quartic,75.0,0.835,0.40626057439467295
Quartic,75.0,0.845,0.3968894753834909
Quartic,75.0,0.855,0.38773645483563046
Quartic,75.0,0.865,0.3788813417560099
Quartic,75.0,0.875,0.36964688042662286
Quartic,75.0,0.885,0.3603847855848959
Quartic,75.0,0.895,0.35106524631911135
Quartic,100.0,0.005,1.0
Quartic,100.0,0.015,0.9992458636487553
Quartic,100.0,0.025,0.997657775438125
Quartic,100.0,0.035,0.995369275439847
Quartic,100.0,0.045,0.9921856793321586
Quartic,100.0,0.055,0.9881545502141166
Quartic,100.0,0.065,0.9843766481960664
Quartic,100.0,0.07500000000000001,0.980209800171423
Quartic,100.0,0.08499999999999999,0.974343856970339
Quartic,100.0,0.095,0.9682677843258736
Quartic,100.0,0.10500000000000001,0.961535588188943
Quartic,100.0,0.11499999999999999,0.9536941588750526
Quartic,100.0,0.125,0.9459947282106405
Quartic,100.0,0.135,0.9390157369769745
Quartic,100.0,0.14500000000000002,0.9302843432315693
Quartic,100.0,0.155,0.9200360953991826
Quartic,100.0,0.165,0.9098670573440563
Quartic,100.0,0.175,0.900066376219102
Quartic,100.0,0.185,0.8898971238815649
Quartic,100.0,0.195,0.8800818676146016
Quartic,100.0,0.20500000000000002,0.8703558244064321
Quartic,100.0,0.215,0.8601811461257315
Quartic,100.0,0.225,0.8496952558930083
Quartic,100.0,0.235,0.8387764743895241
Quartic,100.0,0.245,0.8274867038986113
Quartic,100.0,0.255,0.8165567802172702
Quartic,100.0,0.265,0.8061996569566929
Quartic,100.0,0.275,0.7962451120316467
Quartic,100.0,0.28500000000000003,0.7858954268372063
Quartic,100.0,0.295,0.7757039031702168
Quartic,100.0,0.305,0.7656633467938264
Quartic,100.0,0.315,0.7558857384048233
Quartic,100.0,0.325,0.7474924224469506
Quartic,100.0,0.335,0.7394220365930865
Quartic,100.0,0.34500000000000003,0.7305687088439389
Quartic,100.0,0.355,0.7219529837811985
Quartic,100.0,0.365,0.714121259148004
Quartic,100.0,0.375,0.7064560544592995
Quartic,100.0,0.385,0.6987533397115011
Quartic,100.0,0.395,0.6915260112955306
Quartic,100.0,0.405,0.6849285305041178
Quartic,100.0,0.41500000000000004,0.6786440776879438
Quartic,100.0,0.425,0.671771325493114
Quartic,100.0,0.435,0.6647843527619712
Quartic,100.0,0.445,0.6577914021356356
Quartic,100.0,0.455,0.6504394930244094
Quartic,100.0,0.465,0.6430469258245536
Quartic,100.0,0.475,0.6356650184298177
Quartic,100.0,0.485,0.6268486352013165
Quartic,100.0,0.495,0.6171304788814049
Quartic,100.0,0.505,0.6076684049377576
Quartic,100.0,0.515,0.5988534562201214
Quartic,100.0,0.525,0.5902652204512943
Quartic,100.0,0.535,0.5819154358014021
Quartic,100.0,0.545,0.574141010336848
Quartic,100.0,0.555,0.5661411391550907
Quartic,100.0,0.5650000000000001,0.5581511728669644
Quartic,100.0,0.575,0.550187417599123
Quartic,100.0,0.585,0.5422961986672122
Quartic,100.0,0.595,0.5346882270342487
Quartic,100.0,0.605,0.5275689098248588
Quartic,100.0,0.615,0.5207354743615966
Quartic,100.0,0.625,0.5137338012191265
Quartic,100.0,0.635,0.5066665155746298
Quartic,100.0,0.645,0.49988653429089175
Quartic,100.0,0.655,0.4933288834820233
Quartic,100.0,0.665,0.48701736156758507
Quartic,100.0,0.675,0.48067646108753376
Quartic,100.0,0.685,0.4744043073117554
Quartic,100.0,0.6950000000000001,0.4681692609230682
Quartic,100.0,0.7050000000000001,0.4620588329060725
Quartic,100.0,0.715,0.4560029822822048
Quartic,100.0,0.725,0.45004878319662517
Quartic,100.0,0.735,0.4443536673993219
Quartic,100.0,0.745,0.4390416944720096
Quartic,100.0,0.755,0.43370015492355185
Quartic,100.0,0.765,0.42833352167382677
Quartic,100.0,0.775,0.4228299740503287
Quartic,100.0,0.785,0.4173567154379476
Quartic,100.0,0.795,0.4119736708551529
Quartic,100.0,0.805,0.4067037980770248
Quartic,100.0,0.8150000000000001,0.40193358111307287
Quartic,100.0,0.8250000000000001,0.39717444681652303
Quartic,100.0,0.835,0.39212207001424354
Quartic,100.0,0.845,0.387048328386477
Quartic,100.0,0.855,0.3822127920322758
Quartic,100.0,0.865,0.3776129272336666
Quartic,100.0,0.875,0.37290591022954594
Quartic,100.0,0.885,0.36827680642510224
Quartic,100.0,0.895,0.36376504947982985
Proposed,-100.0,0.005,1.0
Proposed,-100.0,0.015,0.9979259721493399
Proposed,-100.0,0.025,0.9935475301411439
Proposed,-100.0,0.035,0.9872107089316446
Proposed,-100.0,0.045,0.9783406955643805
Proposed,-100.0,0.055,0.9670228996529563
Proposed,-100.0,0.065,0.9563292878902114
Proposed,-100.0,0.07500000000000001,0.944432037410561
Proposed,-100.0,0.08499999999999999,0.927512311983931
Proposed,-100.0,0.095,0.909770620521158
Proposed,-100.0,0.10500000000000001,0.8898531494938129
Proposed,-100.0,0.11499999999999999,0.8663270019699844
Proposed,-100.0,0.125,0.8428854126143196
Proposed,-100.0,0.135,0.8213523139763078
Proposed,-100.0,0.14500000000000002,0.7938214014025474
Proposed,-100.0,0.155,0.7611198266276561
Proposed,-100.0,0.165,0.7299732221764553
Proposed,-100.0,0.175,0.7018954322922346
Proposed,-100.0,0.185,0.6747985388344837
Proposed,-100.0,0.195,0.6507323820568146
Proposed,-100.0,0.20500000000000002,0.6287512766199203
Proposed,-100.0,0.215,0.6077597695140363
Proposed,-100.0,0.225,0.588114431978743
Proposed,-100.0,0.235,0.5697426604144031
Proposed,-100.0,0.245,0.5527768967904365
Proposed,-100.0,0.255,0.5380435607579802
Proposed,-100.0,0.265,0.5255343529902381
Proposed,-100.0,0.275,0.5145719277084554
Proposed,-100.0,0.28500000000000003,0.5041189808905004
Proposed,-100.0,0.295,0.49460818725888345
Proposed,-100.0,0.305,0.48561658129401747
Proposed,-100.0,0.315,0.4769469044954682
Proposed,-100.0,0.325,0.4694362830892056
Proposed,-100.0,0.335,0.46097062013828816
Proposed,-100.0,0.34500000000000003,0.4476024390053443
Proposed,-100.0,0.355,0.4325704431136306
Proposed,-100.0,0.365,0.4180012949842693
Proposed,-100.0,0.375,0.4034527221934749
Proposed,-100.0,0.385,0.38921788614235064
Proposed,-100.0,0.395,0.37662999218009097
Proposed,-100.0,0.405,0.36593757590626064
Proposed,-100.0,0.41500000000000004,0.35708027851514
Proposed,-100.0,0.425,0.34891150717484876
Proposed,-100.0,0.435,0.3425608547213485
Proposed,-100.0,0.445,0.3379120326577284
Proposed,-100.0,0.455,0.33475989942672923
Proposed,-100.0,0.465,0.33118911842364485
Proposed,-100.0,0.475,0.3274069467275689
Proposed,-100.0,0.485,0.32317292768242606
Proposed,-100.0,0.495,0.3187185911640986
Proposed,-100.0,0.505,0.31434418339700304
Proposed,-100.0,0.515,0.31005488166522366
Proposed,-100.0,0.525,0.3057674727262764
Proposed,-100.0,0.535,0.3015456649998567
Proposed,-100.0,0.545,0.2974436899209525
Proposed,-100.0,0.555,0.2931940008647158
Proposed,-100.0,0.5650000000000001,0.2888405082028867
Proposed,-100.0,0.575,0.2844684429757369
Proposed,-100.0,0.585,0.28006705541600346
Proposed,-100.0,0.595,0.2757535500687859
Proposed,-100.0,0.605,0.2716419483260288
Proposed,-100.0,0.615,0.26773089806186684
Proposed,-100.0,0.625,0.2636874718713836
Proposed,-100.0,0.635,0.2595605157858272
Proposed,-100.0,0.645,0.25560084589305027
Proposed,-100.0,0.655,0.2517717796179976
Proposed,-100.0,0.665,0.2481545546861217
Proposed,-100.0,0.675,0.2445687953306386
Proposed,-100.0,0.685,0.24099860313463167
Proposed,-100.0,0.6950000000000001,0.2374795014828492
Proposed,-100.0,0.7050000000000001,0.23412981981352443
Proposed,-100.0,0.715,0.23086042634512924
Proposed,-100.0,0.725,0.22774646852086886
Proposed,-100.0,0.735,0.22485684213495435
Proposed,-100.0,0.745,0.22224812551053832
Proposed,-100.0,0.755,0.21957261316889887
Proposed,-100.0,0.765,0.2170068147208042
Proposed,-100.0,0.775,0.2145788902021637
Proposed,-100.0,0.785,0.21218076494910218
Proposed,-100.0,0.795,0.20992582759892628
Proposed,-100.0,0.805,0.20783617210907745
Proposed,-100.0,0.8150000000000001,0.20607288696630452
Proposed,-100.0,0.8250000000000001,0.20425195093412082
Proposed,-100.0,0.835,0.20244829911210355
Proposed,-100.0,0.845,0.20077721234877033
Proposed,-100.0,0.855,0.199218904042231
Proposed,-100.0,0.865,0.19784857774222356
Proposed,-100.0,0.875,0.19653111289384226
Proposed,-100.0,0.885,0.19525449683386542
Proposed,-100.0,0.895,0.19396276161053966
Proposed,-75.0,0.005,1.0
Proposed,-75.0,0.015,0.9988329668630243
Proposed,-75.0,0.025,0.996367018617637
Proposed,-75.0,0.035,0.9927923644376226
Proposed,-75.0,0.045,0.9877769006042785
Proposed,-75.0,0.055,0.9813579472816024
Proposed,-75.0,0.065,0.9752729138555196
Proposed,-75.0,0.07500000000000001,0.9684775216353975
Proposed,-75.0,0.08499999999999999,0.9587694479670216
Proposed,-75.0,0.095,0.9485308148117539
Proposed,-75.0,0.10500000000000001,0.9369597954710908
Proposed,-75.0,0.11499999999999999,0.9231877869875199
Proposed,-75.0,0.125,0.909347020299568
Proposed,-75.0,0.135,0.896525696643895
Proposed,-75.0,0.14500000000000002,0.8791884224198628
Proposed,-75.0,0.155,0.8553989379239394
Proposed,-75.0,0.165,0.8310456460215191
Proposed,-75.0,0.175,0.808117181071975
Proposed,-75.0,0.185,0.7851247033748889
Proposed,-75.0,0.195,0.7640011068807545
Proposed,-75.0,0.20500000000000002,0.7441403963553911
Proposed,-75.0,0.215,0.7246852052056294
Proposed,-75.0,0.225,0.7059122895475488
Proposed,-75.0,0.235,0.6879306444505447
Proposed,-75.0,0.245,0.6709493051138573
Proposed,-75.0,0.255,0.656003835289445
Proposed,-75.0,0.265,0.6432762819544554
Proposed,-75.0,0.275,0.6322913922340427
Proposed,-75.0,0.28500000000000003,0.6221647318976549
Proposed,-75.0,0.295,0.6135186940774386
Proposed,-75.0,0.305,0.6062015895949523
Proposed,-75.0,0.315,0.6001870178155025
Proposed,-75.0,0.325,0.5959330107552285
Proposed,-75.0,0.335,0.5914129469828132
Proposed,-75.0,0.34500000000000003,0.5818608523856946
Proposed,-75.0,0.355,0.5697618194171943
Proposed,-75.0,0.365,0.556845635154154
Proposed,-75.0,0.375,0.542665266241001
Proposed,-75.0,0.385,0.5273556671089493
Proposed,-75.0,0.395,0.5122439385322992
Proposed,-75.0,0.405,0.49783996428486904
Proposed,-75.0,0.41500000000000004,0.48411757854431925
Proposed,-75.0,0.425,0.4693761856747501
Proposed,-75.0,0.435,0.4553245260851486
Proposed,-75.0,0.445,0.4421075241583777
Proposed,-75.0,0.455,0.4299473644704011
Proposed,-75.0,0.465,0.41987192776215937
Proposed,-75.0,0.475,0.4115711055956225
Proposed,-75.0,0.485,0.40340815621507636
Proposed,-75.0,0.495,0.3957923106124796
Proposed,-75.0,0.505,0.38902573827962494
Proposed,-75.0,0.515,0.3829972528449802
Proposed,-75.0,0.525,0.3773744444660202
Proposed,-75.0,0.535,0.3723595021052897
Proposed,-75.0,0.545,0.36772647487483
Proposed,-75.0,0.555,0.36324782307252834
Proposed,-75.0,0.5650000000000001,0.3589816264693097
Proposed,-75.0,0.575,0.3548915454715274
Proposed,-75.0,0.585,0.3511550549668786
Proposed,-75.0,0.595,0.3474941944217317
Proposed,-75.0,0.605,0.3442018059769854
Proposed,-75.0,0.615,0.3411564458888278
Proposed,-75.0,0.625,0.33814841475459767
Proposed,-75.0,0.635,0.33511697473220436
Proposed,-75.0,0.645,0.33219001556954136
Proposed,-75.0,0.655,0.32939053866348655
Proposed,-75.0,0.665,0.3267330988203963
Proposed,-75.0,0.675,0.32410162231283796
Proposed,-75.0,0.685,0.3214164781901762
Proposed,-75.0,0.6950000000000001,0.3187294658197941
Proposed,-75.0,0.7050000000000001,0.31600294793965417
Proposed,-75.0,0.715,0.31332063442610697
Proposed,-75.0,0.725,0.31067939468281186
Proposed,-75.0,0.735,0.3079710931559998
Proposed,-75.0,0.745,0.30538461358273333
Proposed,-75.0,0.755,0.3027068277428206
Proposed,-75.0,0.765,0.2998946682866073
Proposed,-75.0,0.775,0.29704174058998417
Proposed,-75.0,0.785,0.29395367005318884
Proposed,-75.0,0.795,0.2907970352461165
Proposed,-75.0,0.805,0.2875873258033919
Proposed,-75.0,0.8150000000000001,0.28462426064551904
Proposed,-75.0,0.8250000000000001,0.28152768720339444
Proposed,-75.0,0.835,0.2779540539495245
Proposed,-75.0,0.845,0.2743015958767203
Proposed,-75.0,0.855,0.27064880590040236
Proposed,-75.0,0.865,0.26705231650716565
Proposed,-75.0,0.875,0.26321276857479226
Proposed,-75.0,0.885,0.2592365202215133
Proposed,-75.0,0.895,0.2551283887837318
Proposed,-50.0,0.005,1.0
Proposed,-50.0,0.015,0.9994811939730195
Proposed,-50.0,0.025,0.9983842400339435
Proposed,-50.0,0.035,0.9967922629762914
Proposed,-50.0,0.045,0.9945548592455532
Proposed,-50.0,0.055,0.9916851712337518
Proposed,-50.0,0.065,0.9889583594640265
Proposed,-50.0,0.07500000000000001,0.9859050960026896
Proposed,-50.0,0.08499999999999999,0.9815290516381623
Proposed,-50.0,0.095,0.9768949515672741
Proposed,-50.0,0.10500000000000001,0.9716331241931052
Proposed,-50.0,0.11499999999999999,0.9653367058751761
Proposed,-50.0,0.125,0.9589706063120614
Proposed,-50.0,0.135,0.9530385865744273
Proposed,-50.0,0.14500000000000002,0.9439022343981548
Proposed,-50.0,0.155,0.9273900584407125
Proposed,-50.0,0.165,0.9086489655507002
Proposed,-50.0,0.175,0.8899856063702016
Proposed,-50.0,0.185,0.870343143691483
Proposed,-50.0,0.195,0.8514981319240245
Proposed,-50.0,0.20500000000000002,0.8330838275291316
Proposed,-50.0,0.215,0.8143497394618963
Proposed,-50.0,0.225,0.7954124842128834
Proposed,-50.0,0.235,0.7763974954213175
Proposed,-50.0,0.245,0.757437285877566
Proposed,-50.0,0.255,0.7397767819198696
Proposed,-50.0,0.265,0.7237652299937871
Proposed,-50.0,0.275,0.7090620427951954
Proposed,-50.0,0.28500000000000003,0.6944767850637229
Proposed,-50.0,0.295,0.6808940939431225
Proposed,-50.0,0.305,0.6682995289962048
Proposed,-50.0,0.315,0.6568282497969001
Proposed,-50.0,0.325,0.6476668538198014
Proposed,-50.0,0.335,0.6391049058049858
Proposed,-50.0,0.34500000000000003,0.6281447917763145
Proposed,-50.0,0.355,0.6162442499728927
Proposed,-50.0,0.365,0.6042962093469324
Proposed,-50.0,0.375,0.5913952119179072
Proposed,-50.0,0.385,0.5773313032806477
Proposed,-50.0,0.395,0.5630703878164816
Proposed,-50.0,0.405,0.5490104543524813
Proposed,-50.0,0.41500000000000004,0.5348346904512941
Proposed,-50.0,0.425,0.5186562188193545
Proposed,-50.0,0.435,0.5019808944867235
Proposed,-50.0,0.445,0.48488512184639015
Proposed,-50.0,0.455,0.4674741838292733
Proposed,-50.0,0.465,0.4523968307595973
Proposed,-50.0,0.475,0.43950714499828714
Proposed,-50.0,0.485,0.42604373395140466
Proposed,-50.0,0.495,0.41302399447055343
Proposed,-50.0,0.505,0.4010045665018397
Proposed,-50.0,0.515,0.3897284546777283
Proposed,-50.0,0.525,0.37877544563103865
Proposed,-50.0,0.535,0.3684475876522435
Proposed,-50.0,0.545,0.3587367592529469
Proposed,-50.0,0.555,0.34893838598308013
Proposed,-50.0,0.5650000000000001,0.33928934361060686
Proposed,-50.0,0.575,0.32971926968101045
Proposed,-50.0,0.585,0.3205292199121997
Proposed,-50.0,0.595,0.3115138577851693
Proposed,-50.0,0.605,0.3032331066235329
Proposed,-50.0,0.615,0.2953157569748929
Proposed,-50.0,0.625,0.2872408869192013
Proposed,-50.0,0.635,0.2791252941836649
Proposed,-50.0,0.645,0.27131175678835917
Proposed,-50.0,0.655,0.26380364663598976
Proposed,-50.0,0.665,0.25653843506906526
Proposed,-50.0,0.675,0.24932998344669258
Proposed,-50.0,0.685,0.24206803909618504
Proposed,-50.0,0.6950000000000001,0.2348667824471086
Proposed,-50.0,0.7050000000000001,0.22771395915024376
Proposed,-50.0,0.715,0.22066102265977858
Proposed,-50.0,0.725,0.21375752791487507
Proposed,-50.0,0.735,0.20693087381133587
Proposed,-50.0,0.745,0.20057806429425984
Proposed,-50.0,0.755,0.1940871671047292
Proposed,-50.0,0.765,0.1875147204141631
Proposed,-50.0,0.775,0.18078708673333965
Proposed,-50.0,0.785,0.17390308396507712
Proposed,-50.0,0.795,0.16706716684094844
Proposed,-50.0,0.805,0.16025902084655264
Proposed,-50.0,0.8150000000000001,0.15410908646327723
Proposed,-50.0,0.8250000000000001,0.14782839425913072
Proposed,-50.0,0.835,0.14095606627221927
Proposed,-50.0,0.845,0.134060496138388
Proposed,-50.0,0.855,0.12736382668238988
Proposed,-50.0,0.865,0.12098639181711135
Proposed,-50.0,0.875,0.11436205881569682
Proposed,-50.0,0.885,0.10774702372569027
Proposed,-50.0,0.895,0.10109771811750203
Proposed,-25.0,0.005,1.0
Proposed,-25.0,0.015,0.9998702797944576
Proposed,-25.0,0.025,0.9995958946812008
Proposed,-25.0,0.035,0.9991974135128008
Proposed,-25.0,0.045,0.9986368133779365
Proposed,-25.0,0.055,0.9979168591707175
Proposed,-25.0,0.065,0.997231786334229
Proposed,-25.0,0.07500000000000001,0.9964634737919733
Proposed,-25.0,0.08499999999999999,0.9953601806084553
Proposed,-25.0,0.095,0.9941889749215012
Proposed,-25.0,0.10500000000000001,0.9928553912170298
Proposed,-25.0,0.11499999999999999,0.9912544937992269
Proposed,-25.0,0.125,0.9896300816985675
Proposed,-25.0,0.135,0.9881111476776717
Proposed,-25.0,0.14500000000000002,0.9842837925695349
Proposed,-25.0,0.155,0.9725246965060583
Proposed,-25.0,0.165,0.9574734480017438
Proposed,-25.0,0.175,0.9416159075196682
Proposed,-25.0,0.185,0.9241523804646119
Proposed,-25.0,0.195,0.9067303369781053
Proposed,-25.0,0.20500000000000002,0.8891202703105303
Proposed,-25.0,0.215,0.8705982521652974
Proposed,-25.0,0.225,0.8511275066865542
Proposed,-25.0,0.235,0.8307729454789283
Proposed,-25.0,0.245,0.8095378148534744
Proposed,-25.0,0.255,0.7888062836617612
Proposed,-25.0,0.265,0.7690275872139665
Proposed,-25.0,0.275,0.7499137026169074
Proposed,-25.0,0.28500000000000003,0.7298107779444333
Proposed,-25.0,0.295,0.7097942935153652
Proposed,-25.0,0.305,0.6898335483241764
Proposed,-25.0,0.315,0.6701200663094743
Proposed,-25.0,0.325,0.6529263526459106
Proposed,-25.0,0.335,0.6368928246882241
Proposed,-25.0,0.34500000000000003,0.6218131728928592
Proposed,-25.0,0.355,0.6083957123101812
Proposed,-25.0,0.365,0.596816119866393
Proposed,-25.0,0.375,0.5857197579569818
Proposed,-25.0,0.385,0.5747375608517744
Proposed,-25.0,0.395,0.5644958213570643
Proposed,-25.0,0.405,0.5551008502142798
Proposed,-25.0,0.41500000000000004,0.546040076643047
Proposed,-25.0,0.425,0.5360990427339227
Proposed,-25.0,0.435,0.526201098712902
Proposed,-25.0,0.445,0.5162675274656034
Proposed,-25.0,0.455,0.5061186283097376
Proposed,-25.0,0.465,0.49600221434620567
Proposed,-25.0,0.475,0.4862825696979399
Proposed,-25.0,0.485,0.4752493616807202
Proposed,-25.0,0.495,0.46400896724228335
Proposed,-25.0,0.505,0.4531094903572622
Proposed,-25.0,0.515,0.44239303590438944
Proposed,-25.0,0.525,0.4316482341948027
Proposed,-25.0,0.535,0.42106999898293473
Proposed,-25.0,0.545,0.4108900718238661
Proposed,-25.0,0.555,0.40030352998470586
Proposed,-25.0,0.5650000000000001,0.389596761056521
Proposed,-25.0,0.575,0.3787288779138801
Proposed,-25.0,0.585,0.3679126380316747
Proposed,-25.0,0.595,0.3572235271110412
Proposed,-25.0,0.605,0.3471544503010492
Proposed,-25.0,0.615,0.33736736020583946
Proposed,-25.0,0.625,0.3271452673048698
Proposed,-25.0,0.635,0.3167598196776522
Proposed,-25.0,0.645,0.30667320883144544
Proposed,-25.0,0.655,0.296863998022009
Proposed,-25.0,0.665,0.28725004027218937
Proposed,-25.0,0.675,0.27757017568517445
Proposed,-25.0,0.685,0.2678239203918514
Proposed,-25.0,0.6950000000000001,0.25806957732238034
Proposed,-25.0,0.7050000000000001,0.2484308449126511
Proposed,-25.0,0.715,0.23878199795329128
Proposed,-25.0,0.725,0.22926284583863601
Proposed,-25.0,0.735,0.22001839226324235
Proposed,-25.0,0.745,0.2114364378773853
Proposed,-25.0,0.755,0.2026125255304277
Proposed,-25.0,0.765,0.19377909634624108
Proposed,-25.0,0.775,0.18465541164279387
Proposed,-25.0,0.785,0.17553250749226634
Proposed,-25.0,0.795,0.166553816533906
Proposed,-25.0,0.805,0.15769520083375815
Proposed,-25.0,0.8150000000000001,0.1497252721224437
Proposed,-25.0,0.8250000000000001,0.14155468010762876
Proposed,-25.0,0.835,0.13301102810691848
Proposed,-25.0,0.845,0.12444586090456415
Proposed,-25.0,0.855,0.11623045962745895
Proposed,-25.0,0.865,0.1085399193358726
Proposed,-25.0,0.875,0.10065990007345649
Proposed,-25.0,0.885,0.09300070617318817
Proposed,-25.0,0.895,0.08539994809428116
Proposed,0.0,0.005,1.0
Proposed,0.0,0.015,0.9999999999999996
Proposed,0.0,0.025,0.9999999999999997
Proposed,0.0,0.035,0.9999999999999996
Proposed,0.0,0.045,0.9999999999999997
Proposed,0.0,0.055,0.9999999999999998
Proposed,0.0,0.065,0.9999999999999997
Proposed,0.0,0.07500000000000001,0.9999999999999996
Proposed,0.0,0.08499999999999999,0.9999999999999997
Proposed,0.0,0.095,0.9999999999999997
Proposed,0.0,0.10500000000000001,0.9999999999999998
Proposed,0.0,0.11499999999999999,0.9999999999999998
Proposed,0.0,0.125,0.9999999999999998
Proposed,0.0,0.135,0.9999999999999998
Proposed,0.0,0.14500000000000002,0.9980091708686211
Proposed,0.0,0.155,0.9879011672226531
Proposed,0.0,0.165,0.9741355395636491
Proposed,0.0,0.175,0.95925560707467
Proposed,0.0,0.185,0.9425466294610072
Proposed,0.0,0.195,0.9256064833976417
Proposed,0.0,0.20500000000000002,0.9082497763655052
Proposed,0.0,0.215,0.8897537572820283
Proposed,0.0,0.225,0.8700190923777352
Proposed,0.0,0.235,0.8490758030337996
Proposed,0.0,0.245,0.8268664023106671
Proposed,0.0,0.255,0.8048222180582493
Proposed,0.0,0.265,0.7834238997405393
Proposed,0.0,0.275,0.7623929113428304
Proposed,0.0,0.28500000000000003,0.7398598740421413
Proposed,0.0,0.295,0.7169662989296173
Proposed,0.0,0.305,0.6936487081882879
Proposed,0.0,0.315,0.6701016628318724
Proposed,0.0,0.325,0.6490982049374877
Proposed,0.0,0.335,0.6294300886597458
Proposed,0.0,0.34500000000000003,0.612216389388873
Proposed,0.0,0.355,0.5979066443623754
Proposed,0.0,0.365,0.5864076956968717
Proposed,0.0,0.375,0.576194905435616
Proposed,0.0,0.385,0.5668839834745572
Proposed,0.0,0.395,0.5589788451346361
Proposed,0.0,0.405,0.552441096867591
Proposed,0.0,0.41500000000000004,0.5467188567560836
Proposed,0.0,0.425,0.5410918075557435
Proposed,0.0,0.435,0.5361962108973415
Proposed,0.0,0.445,0.5319034761684194
Proposed,0.0,0.455,0.5279222560595437
Proposed,0.0,0.465,0.5225055074166542
Proposed,0.0,0.475,0.5162696431194006
Proposed,0.0,0.485,0.5085276128842754
Proposed,0.0,0.495,0.5002543901978472
Proposed,0.0,0.505,0.49189880790877455
Proposed,0.0,0.515,0.48341480813209387
Proposed,0.0,0.525,0.4747521371107799
Proposed,0.0,0.535,0.4660034133322527
Proposed,0.0,0.545,0.4574610749032739
Proposed,0.0,0.555,0.4484424209787697
Proposed,0.0,0.5650000000000001,0.43920257057281564
Proposed,0.0,0.575,0.4297231714828704
Proposed,0.0,0.585,0.42012614023922573
Proposed,0.0,0.595,0.41061518400334657
Proposed,0.0,0.605,0.4015359040996463
Proposed,0.0,0.615,0.3926612967000688
Proposed,0.0,0.625,0.383289145171638
Proposed,0.0,0.635,0.3737156905546042
Proposed,0.0,0.645,0.3643726705116041
Proposed,0.0,0.655,0.3552349126961293
Proposed,0.0,0.665,0.34622300373511994
Proposed,0.0,0.675,0.3370651965159233
Proposed,0.0,0.685,0.3278528418269936
Proposed,0.0,0.6950000000000001,0.3185710089587309
Proposed,0.0,0.7050000000000001,0.30940168150722797
Proposed,0.0,0.715,0.3001297302589709
Proposed,0.0,0.725,0.2909192315492799
Proposed,0.0,0.735,0.28202750788732833
Proposed,0.0,0.745,0.27374769451432684
Proposed,0.0,0.755,0.26519098153303367
Proposed,0.0,0.765,0.2566223327088608
Proposed,0.0,0.775,0.2476899446810593
Proposed,0.0,0.785,0.2388098369474637
Proposed,0.0,0.795,0.23005416001031037
Proposed,0.0,0.805,0.22140722540061805
Proposed,0.0,0.8150000000000001,0.2135823693554378
Proposed,0.0,0.8250000000000001,0.2055077226220198
Proposed,0.0,0.835,0.19719741103204155
Proposed,0.0,0.845,0.18879130562490815
Proposed,0.0,0.855,0.18072210928260576
Proposed,0.0,0.865,0.17315786677832523
Proposed,0.0,0.875,0.16538772213247166
Proposed,0.0,0.885,0.15788845645469224
Proposed,0.0,0.895,0.15044991357592322
Proposed,25.0,0.005,1.0
Proposed,25.0,0.015,0.9998702797944581
Proposed,25.0,0.025,0.999595894681201
Proposed,25.0,0.035,0.9991974135128012
Proposed,25.0,0.045,0.9986368133779369
Proposed,25.0,0.055,0.9979168591707178
Proposed,25.0,0.065,0.9972317863342294
Proposed,25.0,0.07500000000000001,0.9964634737919736
Proposed,25.0,0.08499999999999999,0.9953601806084557
Proposed,25.0,0.095,0.9941889749215015
Proposed,25.0,0.10500000000000001,0.9928553912170301
Proposed,25.0,0.11499999999999999,0.9912544937992275
Proposed,25.0,0.125,0.989630081698568
Proposed,25.0,0.135,0.9881111476776722
Proposed,25.0,0.14500000000000002,0.9842837925695354
Proposed,25.0,0.155,0.9725246965060587
Proposed,25.0,0.165,0.9574734480017442
Proposed,25.0,0.175,0.9416159075196685
Proposed,25.0,0.185,0.9241523804646125
Proposed,25.0,0.195,0.9067303369781058
Proposed,25.0,0.20500000000000002,0.8891202703105304
Proposed,25.0,0.215,0.8705982521652977
Proposed,25.0,0.225,0.8511275066865545
Proposed,25.0,0.235,0.8307729454789285
Proposed,25.0,0.245,0.8095378148534746
Proposed,25.0,0.255,0.7888062836617615
Proposed,25.0,0.265,0.7690275872139669
Proposed,25.0,0.275,0.7499137026169077
Proposed,25.0,0.28500000000000003,0.7298107779444338
Proposed,25.0,0.295,0.7097942935153655
Proposed,25.0,0.305,0.6898335483241769
Proposed,25.0,0.315,0.6701200663094746
Proposed,25.0,0.325,0.6529263526459108
Proposed,25.0,0.335,0.6368928246882245
Proposed,25.0,0.34500000000000003,0.6218131728928595
Proposed,25.0,0.355,0.6083957123101814
Proposed,25.0,0.365,0.5968161198663932
Proposed,25.0,0.375,0.585719757956982
Proposed,25.0,0.385,0.5747375608517745
Proposed,25.0,0.395,0.5644958213570644
Proposed,25.0,0.405,0.5551008502142799
Proposed,25.0,0.41500000000000004,0.5460400766430472
Proposed,25.0,0.425,0.5360990427339228
Proposed,25.0,0.435,0.5262010987129021
Proposed,25.0,0.445,0.5162675274656038
Proposed,25.0,0.455,0.5061186283097379
Proposed,25.0,0.465,0.49600221434620584
Proposed,25.0,0.475,0.48628256969794015
Proposed,25.0,0.485,0.4752493616807204
Proposed,25.0,0.495,0.4640089672422835
Proposed,25.0,0.505,0.45310949035726233
Proposed,25.0,0.515,0.4423930359043896
Proposed,25.0,0.525,0.4316482341948028
Proposed,25.0,0.535,0.42106999898293485
Proposed,25.0,0.545,0.41089007182386633
Proposed,25.0,0.555,0.4003035299847059
Proposed,25.0,0.5650000000000001,0.38959676105652113
Proposed,25.0,0.575,0.37872887791388027
Proposed,25.0,0.585,0.3679126380316748
Proposed,25.0,0.595,0.35722352711104133
Proposed,25.0,0.605,0.3471544503010493
Proposed,25.0,0.615,0.3373673602058396
Proposed,25.0,0.625,0.3271452673048699
Proposed,25.0,0.635,0.3167598196776523
Proposed,25.0,0.645,0.3066732088314455
Proposed,25.0,0.655,0.2968639980220091
Proposed,25.0,0.665,0.2872500402721895
Proposed,25.0,0.675,0.2775701756851745
Proposed,25.0,0.685,0.26782392039185143
Proposed,25.0,0.6950000000000001,0.25806957732238034
Proposed,25.0,0.7050000000000001,0.24843084491265113
Proposed,25.0,0.715,0.2387819979532914
Proposed,25.0,0.725,0.2292628458386361
Proposed,25.0,0.735,0.22001839226324246
Proposed,25.0,0.745,0.2114364378773854
Proposed,25.0,0.755,0.20261252553042777
Proposed,25.0,0.765,0.1937790963462411
Proposed,25.0,0.775,0.1846554116427939
Proposed,25.0,0.785,0.17553250749226637
Proposed,25.0,0.795,0.16655381653390605
Proposed,25.0,0.805,0.1576952008337582
Proposed,25.0,0.8150000000000001,0.14972527212244374
Proposed,25.0,0.8250000000000001,0.1415546801076288
Proposed,25.0,0.835,0.1330110281069185
Proposed,25.0,0.845,0.12444586090456415
Proposed,25.0,0.855,0.116230459627459
Proposed,25.0,0.865,0.10853991933587265
Proposed,25.0,0.875,0.10065990007345649
Proposed,25.0,0.885,0.09300070617318819
Proposed,25.0,0.895,0.08539994809428118
Proposed,50.0,0.005,1.0
Proposed,50.0,0.015,0.9994811939730195
Proposed,50.0,0.025,0.9983842400339434
Proposed,50.0,0.035,0.9967922629762914
Proposed,50.0,0.045,0.9945548592455532
Proposed,50.0,0.055,0.9916851712337518
Proposed,50.0,0.065,0.9889583594640265
Proposed,50.0,0.07500000000000001,0.9859050960026896
Proposed,50.0,0.08499999999999999,0.9815290516381623
Proposed,50.0,0.095,0.9768949515672741
Proposed,50.0,0.10500000000000001,0.9716331241931052
Proposed,50.0,0.11499999999999999,0.9653367058751761
Proposed,50.0,0.125,0.9589706063120614
Proposed,50.0,0.135,0.9530385865744273
Proposed,50.0,0.14500000000000002,0.9439022343981548
Proposed,50.0,0.155,0.9273900584407128
Proposed,50.0,0.165,0.9086489655507002
Proposed,50.0,0.175,0.8899856063702016
Proposed,50.0,0.185,0.870343143691483
Proposed,50.0,0.195,0.8514981319240245
Proposed,50.0,0.20500000000000002,0.8330838275291316
Proposed,50.0,0.215,0.8143497394618963
Proposed,50.0,0.225,0.7954124842128834
Proposed,50.0,0.235,0.7763974954213175
Proposed,50.0,0.245,0.7574372858775659
Proposed,50.0,0.255,0.7397767819198696
Proposed,50.0,0.265,0.7237652299937871
Proposed,50.0,0.275,0.7090620427951954
Proposed,50.0,0.28500000000000003,0.6944767850637229
Proposed,50.0,0.295,0.6808940939431226
Proposed,50.0,0.305,0.6682995289962048
Proposed,50.0,0.315,0.6568282497969001
Proposed,50.0,0.325,0.6476668538198014
Proposed,50.0,0.335,0.6391049058049859
Proposed,50.0,0.34500000000000003,0.6281447917763144
Proposed,50.0,0.355,0.6162442499728926
Proposed,50.0,0.365,0.6042962093469323
Proposed,50.0,0.375,0.5913952119179072
Proposed,50.0,0.385,0.5773313032806477
Proposed,50.0,0.395,0.5630703878164814
Proposed,50.0,0.405,0.5490104543524811
Proposed,50.0,0.41500000000000004,0.5348346904512941
Proposed,50.0,0.425,0.5186562188193545
Proposed,50.0,0.435,0.5019808944867233
Proposed,50.0,0.445,0.48488512184639015
Proposed,50.0,0.455,0.4674741838292733
Proposed,50.0,0.465,0.45239683075959725
Proposed,50.0,0.475,0.43950714499828714
Proposed,50.0,0.485,0.42604373395140466
Proposed,50.0,0.495,0.41302399447055343
Proposed,50.0,0.505,0.40100456650183963
Proposed,50.0,0.515,0.3897284546777283
Proposed,50.0,0.525,0.3787754456310386
Proposed,50.0,0.535,0.36844758765224345
Proposed,50.0,0.545,0.3587367592529468
Proposed,50.0,0.555,0.3489383859830801
Proposed,50.0,0.5650000000000001,0.33928934361060686
Proposed,50.0,0.575,0.32971926968101034
Proposed,50.0,0.585,0.3205292199121997
Proposed,50.0,0.595,0.31151385778516927
Proposed,50.0,0.605,0.3032331066235329
Proposed,50.0,0.615,0.2953157569748929
Proposed,50.0,0.625,0.28724088691920124
Proposed,50.0,0.635,0.27912529418366483
Proposed,50.0,0.645,0.27131175678835917
Proposed,50.0,0.655,0.26380364663598976
Proposed,50.0,0.665,0.2565384350690652
Proposed,50.0,0.675,0.24932998344669252
Proposed,50.0,0.685,0.24206803909618496
Proposed,50.0,0.6950000000000001,0.2348667824471086
Proposed,50.0,0.7050000000000001,0.22771395915024367
Proposed,50.0,0.715,0.22066102265977858
Proposed,50.0,0.725,0.21375752791487498
Proposed,50.0,0.735,0.20693087381133582
Proposed,50.0,0.745,0.20057806429425978
Proposed,50.0,0.755,0.1940871671047291
Proposed,50.0,0.765,0.18751472041416303
Proposed,50.0,0.775,0.18078708673333957
Proposed,50.0,0.785,0.1739030839650771
Proposed,50.0,0.795,0.16706716684094838
Proposed,50.0,0.805,0.16025902084655258
Proposed,50.0,0.8150000000000001,0.15410908646327717
Proposed,50.0,0.8250000000000001,0.14782839425913066
Proposed,50.0,0.835,0.1409560662722192
Proposed,50.0,0.845,0.13406049613838797
Proposed,50.0,0.855,0.12736382668238982
Proposed,50.0,0.865,0.1209863918171113
Proposed,50.0,0.875,0.11436205881569676
Proposed,50.0,0.885,0.10774702372569019
Proposed,50.0,0.895,0.10109771811750198
Proposed,75.0,0.005,1.0
Proposed,75.0,0.015,0.9988329668630241
Proposed,75.0,0.025,0.9963670186176369
Proposed,75.0,0.035,0.9927923644376226
Proposed,75.0,0.045,0.9877769006042785
Proposed,75.0,0.055,0.9813579472816024
Proposed,75.0,0.065,0.9752729138555196
Proposed,75.0,0.07500000000000001,0.9684775216353975
Proposed,75.0,0.08499999999999999,0.9587694479670217
Proposed,75.0,0.095,0.9485308148117539
Proposed,75.0,0.10500000000000001,0.9369597954710908
Proposed,75.0,0.11499999999999999,0.92318778698752
Proposed,75.0,0.125,0.909347020299568
Proposed,75.0,0.135,0.896525696643895
Proposed,75.0,0.14500000000000002,0.8791884224198628
Proposed,75.0,0.155,0.8553989379239394
Proposed,75.0,0.165,0.8310456460215191
Proposed,75.0,0.175,0.808117181071975
Proposed,75.0,0.185,0.7851247033748889
Proposed,75.0,0.195,0.7640011068807543
Proposed,75.0,0.20500000000000002,0.744140396355391
Proposed,75.0,0.215,0.7246852052056294
Proposed,75.0,0.225,0.7059122895475488
Proposed,75.0,0.235,0.6879306444505447
Proposed,75.0,0.245,0.6709493051138573
Proposed,75.0,0.255,0.6560038352894447
Proposed,75.0,0.265,0.6432762819544553
Proposed,75.0,0.275,0.6322913922340427
Proposed,75.0,0.28500000000000003,0.6221647318976549
Proposed,75.0,0.295,0.6135186940774385
Proposed,75.0,0.305,0.6062015895949523
Proposed,75.0,0.315,0.6001870178155025
Proposed,75.0,0.325,0.5959330107552285
Proposed,75.0,0.335,0.5914129469828132
Proposed,75.0,0.34500000000000003,0.5818608523856945
Proposed,75.0,0.355,0.5697618194171942
Proposed,75.0,0.365,0.556845635154154
Proposed,75.0,0.375,0.5426652662410009
Proposed,75.0,0.385,0.5273556671089492
Proposed,75.0,0.395,0.5122439385322991
Proposed,75.0,0.405,0.497839964284869
Proposed,75.0,0.41500000000000004,0.48411757854431914
Proposed,75.0,0.425,0.4693761856747501
Proposed,75.0,0.435,0.4553245260851485
Proposed,75.0,0.445,0.44210752415837756
Proposed,75.0,0.455,0.4299473644704011
Proposed,75.0,0.465,0.41987192776215937
Proposed,75.0,0.475,0.41157110559562243
Proposed,75.0,0.485,0.4034081562150763
Proposed,75.0,0.495,0.3957923106124796
Proposed,75.0,0.505,0.38902573827962494
Proposed,75.0,0.515,0.3829972528449801
Proposed,75.0,0.525,0.37737444446602014
Proposed,75.0,0.535,0.37235950210528973
Proposed,75.0,0.545,0.36772647487482996
Proposed,75.0,0.555,0.36324782307252834
Proposed,75.0,0.5650000000000001,0.3589816264693097
Proposed,75.0,0.575,0.35489154547152735
Proposed,75.0,0.585,0.3511550549668785
Proposed,75.0,0.595,0.3474941944217317
Proposed,75.0,0.605,0.3442018059769854
Proposed,75.0,0.615,0.3411564458888278
Proposed,75.0,0.625,0.3381484147545976
Proposed,75.0,0.635,0.33511697473220436
Proposed,75.0,0.645,0.3321900155695413
Proposed,75.0,0.655,0.32939053866348655
Proposed,75.0,0.665,0.32673309882039625
Proposed,75.0,0.675,0.32410162231283796
Proposed,75.0,0.685,0.3214164781901762
Proposed,75.0,0.6950000000000001,0.3187294658197941
Proposed,75.0,0.7050000000000001,0.31600294793965417
Proposed,75.0,0.715,0.31332063442610697
Proposed,75.0,0.725,0.31067939468281186
Proposed,75.0,0.735,0.3079710931559998
Proposed,75.0,0.745,0.30538461358273333
Proposed,75.0,0.755,0.3027068277428206
Proposed,75.0,0.765,0.2998946682866073
Proposed,75.0,0.775,0.29704174058998417
Proposed,75.0,0.785,0.2939536700531888
Proposed,75.0,0.795,0.2907970352461165
Proposed,75.0,0.805,0.2875873258033919
Proposed,75.0,0.8150000000000001,0.28462426064551904
Proposed,75.0,0.8250000000000001,0.28152768720339444
Proposed,75.0,0.835,0.27795405394952444
Proposed,75.0,0.845,0.2743015958767203
Proposed,75.0,0.855,0.27064880590040236
Proposed,75.0,0.865,0.2670523165071656
Proposed,75.0,0.875,0.2632127685747922
Proposed,75.0,0.885,0.2592365202215132
Proposed,75.0,0.895,0.2551283887837318
Proposed,100.0,0.005,1.0
Proposed,100.0,0.015,0.9979259721493399
Proposed,100.0,0.025,0.9935475301411442
Proposed,100.0,0.035,0.9872107089316446
Proposed,100.0,0.045,0.9783406955643805
Proposed,100.0,0.055,0.9670228996529563
Proposed,100.0,0.065,0.9563292878902114
Proposed,100.0,0.07500000000000001,0.944432037410561
Proposed,100.0,0.08499999999999999,0.9275123119839309
Proposed,100.0,0.095,0.909770620521158
Proposed,100.0,0.10500000000000001,0.8898531494938129
Proposed,100.0,0.11499999999999999,0.8663270019699844
Proposed,100.0,0.125,0.8428854126143196
Proposed,100.0,0.135,0.8213523139763078
Proposed,100.0,0.14500000000000002,0.7938214014025474
Proposed,100.0,0.155,0.7611198266276562
Proposed,100.0,0.165,0.7299732221764553
Proposed,100.0,0.175,0.7018954322922346
Proposed,100.0,0.185,0.6747985388344836
Proposed,100.0,0.195,0.6507323820568147
Proposed,100.0,0.20500000000000002,0.6287512766199203
Proposed,100.0,0.215,0.6077597695140363
Proposed,100.0,0.225,0.588114431978743
Proposed,100.0,0.235,0.5697426604144031
Proposed,100.0,0.245,0.5527768967904365
Proposed,100.0,0.255,0.5380435607579802
Proposed,100.0,0.265,0.5255343529902381
Proposed,100.0,0.275,0.5145719277084554
Proposed,100.0,0.28500000000000003,0.5041189808905004
Proposed,100.0,0.295,0.49460818725888345
Proposed,100.0,0.305,0.48561658129401747
Proposed,100.0,0.315,0.4769469044954682
Proposed,100.0,0.325,0.4694362830892056
Proposed,100.0,0.335,0.46097062013828827
Proposed,100.0,0.34500000000000003,0.4476024390053443
Proposed,100.0,0.355,0.4325704431136305
Proposed,100.0,0.365,0.4180012949842693
Proposed,100.0,0.375,0.4034527221934749
Proposed,100.0,0.385,0.38921788614235064
Proposed,100.0,0.395,0.376629992180091
Proposed,100.0,0.405,0.3659375759062607
Proposed,100.0,0.41500000000000004,0.35708027851514
Proposed,100.0,0.425,0.34891150717484876
Proposed,100.0,0.435,0.3425608547213485
Proposed,100.0,0.445,0.3379120326577284
Proposed,100.0,0.455,0.33475989942672923
Proposed,100.0,0.465,0.33118911842364485
Proposed,100.0,0.475,0.32740694672756904
Proposed,100.0,0.485,0.32317292768242606
Proposed,100.0,0.495,0.3187185911640986
Proposed,100.0,0.505,0.3143441833970031
Proposed,100.0,0.515,0.3100548816652237
Proposed,100.0,0.525,0.3057674727262765
Proposed,100.0,0.535,0.3015456649998568
Proposed,100.0,0.545,0.2974436899209526
Proposed,100.0,0.555,0.2931940008647159
Proposed,100.0,0.5650000000000001,0.2888405082028868
Proposed,100.0,0.575,0.28446844297573703
Proposed,100.0,0.585,0.2800670554160036
Proposed,100.0,0.595,0.275753550068786
Proposed,100.0,0.605,0.2716419483260289
Proposed,100.0,0.615,0.26773089806186684
Proposed,100.0,0.625,0.26368747187138364
Proposed,100.0,0.635,0.25956051578582723
Proposed,100.0,0.645,0.2556008458930504
Proposed,100.0,0.655,0.2517717796179977
Proposed,100.0,0.665,0.24815455468612174
Proposed,100.0,0.675,0.2445687953306387
Proposed,100.0,0.685,0.24099860313463176
Proposed,100.0,0.6950000000000001,0.23747950148284924
Proposed,100.0,0.7050000000000001,0.2341298198135245
Proposed,100.0,0.715,0.2308604263451293
Proposed,100.0,0.725,0.22774646852086886
Proposed,100.0,0.735,0.22485684213495444
Proposed,100.0,0.745,0.22224812551053838
Proposed,100.0,0.755,0.21957261316889895
Proposed,100.0,0.765,0.21700681472080427
Proposed,100.0,0.775,0.21457889020216378
Proposed,100.0,0.785,0.21218076494910224
Proposed,100.0,0.795,0.20992582759892633
Proposed,100.0,0.805,0.2078361721090775
Proposed,100.0,0.8150000000000001,0.2060728869663046
Proposed,100.0,0.8250000000000001,0.20425195093412082
Proposed,100.0,0.835,0.20244829911210357
Proposed,100.0,0.845,0.20077721234877038
Proposed,100.0,0.855,0.19921890404223103
Proposed,100.0,0.865,0.19784857774222359
Proposed,100.0,0.875,0.19653111289384234
Proposed,100.0,0.885,0.1952544968338655
Proposed,100.0,0.895,0.19396276161053974
